-- phpMyAdmin SQL Dump
-- version 5.2.3
-- https://www.phpmyadmin.net/
--
-- Host: localhost:8889
-- Generation Time: May 23, 2026 at 05:01 PM
-- Server version: 8.0.44
-- PHP Version: 8.3.30

SET SQL_MODE = "NO_AUTO_VALUE_ON_ZERO";
START TRANSACTION;
SET time_zone = "+00:00";


/*!40101 SET @OLD_CHARACTER_SET_CLIENT=@@CHARACTER_SET_CLIENT */;
/*!40101 SET @OLD_CHARACTER_SET_RESULTS=@@CHARACTER_SET_RESULTS */;
/*!40101 SET @OLD_COLLATION_CONNECTION=@@COLLATION_CONNECTION */;
/*!40101 SET NAMES utf8mb4 */;

--
-- Database: `oqkitob`
--

-- --------------------------------------------------------

--
-- Table structure for table `books`
--

CREATE TABLE `books` (
  `id` char(36) COLLATE utf8mb4_unicode_ci NOT NULL,
  `user_id` char(36) COLLATE utf8mb4_unicode_ci NOT NULL,
  `type_key` varchar(50) COLLATE utf8mb4_unicode_ci NOT NULL,
  `title` varchar(255) COLLATE utf8mb4_unicode_ci NOT NULL,
  `description` text COLLATE utf8mb4_unicode_ci,
  `icon` varchar(50) COLLATE utf8mb4_unicode_ci DEFAULT NULL,
  `color` varchar(20) COLLATE utf8mb4_unicode_ci DEFAULT NULL,
  `settings_json` json DEFAULT NULL,
  `is_archived` tinyint(1) NOT NULL DEFAULT '0',
  `sort_order` int NOT NULL DEFAULT '0',
  `last_opened_at` datetime DEFAULT NULL,
  `created_at` datetime NOT NULL DEFAULT CURRENT_TIMESTAMP,
  `updated_at` datetime NOT NULL DEFAULT CURRENT_TIMESTAMP ON UPDATE CURRENT_TIMESTAMP,
  `deleted_at` datetime DEFAULT NULL
) ENGINE=InnoDB DEFAULT CHARSET=utf8mb4 COLLATE=utf8mb4_unicode_ci;

--
-- Dumping data for table `books`
--

INSERT INTO `books` (`id`, `user_id`, `type_key`, `title`, `description`, `icon`, `color`, `settings_json`, `is_archived`, `sort_order`, `last_opened_at`, `created_at`, `updated_at`, `deleted_at`) VALUES
('096ca5af-d877-4323-8cac-a908efdf145c', '11111111-1111-1111-1111-111111111111', 'todo', 'asdasd', 'asdasd', NULL, NULL, NULL, 0, 5, NULL, '2026-05-13 18:29:34', '2026-05-17 15:50:03', '2026-05-17 10:50:03'),
('123', '11111111-1111-1111-1111-111111111111', 'finance', 'Birinchi kitob', 'Yaxshi kitobvha haqida', NULL, NULL, NULL, 1, 3, NULL, '2026-05-13 12:41:35', '2026-05-17 15:49:29', NULL),
('34c416bd-5631-4394-84bc-2e05e436351d', '11111111-1111-1111-1111-111111111111', 'minishop', 'Dukon', NULL, NULL, NULL, NULL, 0, 8, NULL, '2026-05-15 20:21:34', '2026-05-15 20:21:34', NULL),
('aaaaaaa1-aaaa-aaaa-aaaa-aaaaaaaaaaa1', '11111111-1111-1111-1111-111111111111', 'notes', 'Daily Notes', 'Personal notes book for Ali', NULL, NULL, NULL, 0, 1, NULL, '2026-05-11 20:52:13', '2026-05-11 20:52:13', NULL),
('aaaaaaa2-aaaa-aaaa-aaaa-aaaaaaaaaaa2', '11111111-1111-1111-1111-111111111111', 'todo', 'Personal Tasks', 'Task management book for Ali', NULL, NULL, NULL, 0, 2, NULL, '2026-05-11 20:52:13', '2026-05-18 15:39:52', '2026-05-18 10:39:52'),
('b00eb1d2-4403-446d-88bb-b00f9e6ad8d6', '11111111-1111-1111-1111-111111111111', 'minishop', 'Do\'kon', 'sotuvlarim', NULL, NULL, NULL, 0, 7, NULL, '2026-05-15 16:30:28', '2026-05-15 16:30:28', NULL),
('bbbbbbb1-bbbb-bbbb-bbbb-bbbbbbbbbbb1', '22222222-2222-2222-2222-222222222222', 'notes', 'Work Notes', 'Work-related notes for Malika', NULL, NULL, NULL, 0, 1, NULL, '2026-05-11 20:52:13', '2026-05-11 20:52:13', NULL),
('bbbbbbb2-bbbb-bbbb-bbbb-bbbbbbbbbbb2', '22222222-2222-2222-2222-222222222222', 'finance', 'Home Finance', 'Home finance tracking for Malika', NULL, NULL, NULL, 0, 2, NULL, '2026-05-11 20:52:13', '2026-05-11 20:52:13', NULL),
('bcc06a2a-f691-460a-9a35-5ef871a8c56b', '11111111-1111-1111-1111-111111111111', 'notes', 'Salom', 'asdas', NULL, NULL, NULL, 1, 6, NULL, '2026-05-13 19:01:30', '2026-05-18 15:39:58', NULL),
('c95e3e81-f172-4a9d-b854-962d4b12031f', '11111111-1111-1111-1111-111111111111', 'finance', 'Salom kitob', 'Asasdashdbas', NULL, NULL, NULL, 0, 4, NULL, '2026-05-13 18:29:07', '2026-05-18 15:39:48', '2026-05-18 10:39:48'),
('ccccccc1-cccc-cccc-cccc-ccccccccccc1', '33333333-3333-3333-3333-333333333333', 'todo', 'Project Tasks', 'Project task book for Jasur', NULL, NULL, NULL, 0, 1, NULL, '2026-05-11 20:52:13', '2026-05-11 20:52:13', NULL),
('ccccccc2-cccc-cccc-cccc-ccccccccccc2', '33333333-3333-3333-3333-333333333333', 'finance', 'Business Finance', 'Business finance tracking for Jasur', NULL, NULL, NULL, 0, 2, NULL, '2026-05-11 20:52:13', '2026-05-11 20:52:13', NULL),
('f4c58109-cce8-4092-9c78-c27f2ec2858f', '11111111-1111-1111-1111-111111111111', 'minishop', 'Supermarket', NULL, NULL, NULL, NULL, 0, 9, NULL, '2026-05-15 20:28:45', '2026-05-15 20:28:45', NULL);

-- --------------------------------------------------------

--
-- Table structure for table `book_types`
--

CREATE TABLE `book_types` (
  `type_key` varchar(50) COLLATE utf8mb4_unicode_ci NOT NULL,
  `name` varchar(100) COLLATE utf8mb4_unicode_ci NOT NULL,
  `description` varchar(255) COLLATE utf8mb4_unicode_ci DEFAULT NULL,
  `is_active` tinyint(1) NOT NULL DEFAULT '1',
  `created_at` datetime NOT NULL DEFAULT CURRENT_TIMESTAMP,
  `updated_at` datetime NOT NULL DEFAULT CURRENT_TIMESTAMP ON UPDATE CURRENT_TIMESTAMP
) ENGINE=InnoDB DEFAULT CHARSET=utf8mb4 COLLATE=utf8mb4_unicode_ci;

--
-- Dumping data for table `book_types`
--

INSERT INTO `book_types` (`type_key`, `name`, `description`, `is_active`, `created_at`, `updated_at`) VALUES
('finance', 'Finance', 'Book type for income and expense tracking', 0, '2026-05-11 20:01:14', '2026-05-18 15:39:18'),
('minishop', 'Min-store', 'Book type for small shop sales and inventory tracking', 1, '2026-05-15 14:01:14', '2026-05-22 20:34:15'),
('notes', 'Notes', 'Book type for note taking', 1, '2026-05-11 20:01:14', '2026-05-11 20:01:14'),
('todo', 'Todo', 'Book type for task management', 0, '2026-05-11 20:01:14', '2026-05-18 15:39:04');

-- --------------------------------------------------------

--
-- Table structure for table `ci_sessions`
--

CREATE TABLE `ci_sessions` (
  `id` varchar(128) COLLATE utf8mb4_unicode_ci NOT NULL,
  `ip_address` varchar(45) COLLATE utf8mb4_unicode_ci NOT NULL,
  `timestamp` bigint UNSIGNED NOT NULL DEFAULT '0',
  `data` blob NOT NULL
) ENGINE=InnoDB DEFAULT CHARSET=utf8mb4 COLLATE=utf8mb4_unicode_ci;

--
-- Dumping data for table `ci_sessions`
--

INSERT INTO `ci_sessions` (`id`, `ip_address`, `timestamp`, `data`) VALUES
('ci_session:04d52736ef6a162388259906def18e39', '::1', 20260523193712, 0x5f5f63695f6c6173745f726567656e65726174657c693a313737393534373033323b757365725f69647c733a33363a2231313131313131312d313131312d313131312d313131312d313131313131313131313131223b),
('ci_session:0d335723d824147230fd2144367ffa9f', '::1', 20260523200445, 0x5f5f63695f6c6173745f726567656e65726174657c693a313737393534383638353b757365725f69647c733a33363a2231313131313131312d313131312d313131312d313131312d313131313131313131313131223b),
('ci_session:146dc884610edf067105edd2c942beb1', '::1', 20260523205954, 0x5f5f63695f6c6173745f726567656e65726174657c693a313737393535313939343b757365725f69647c733a33363a2231313131313131312d313131312d313131312d313131312d313131313131313131313131223b),
('ci_session:47718ae0b7e76d132be45a63ad1c7105', '127.0.0.1', 20260523202509, 0x5f5f63695f6c6173745f726567656e65726174657c693a313737393534393930393b),
('ci_session:4a8f98f8b2e8ad65a3fc7ed0e598d311', '::1', 20260523201203, 0x5f5f63695f6c6173745f726567656e65726174657c693a313737393534393132333b757365725f69647c733a33363a2231313131313131312d313131312d313131312d313131312d313131313131313131313131223b),
('ci_session:4be13a720462cdc283834462f8929673', '::1', 20260523194505, 0x5f5f63695f6c6173745f726567656e65726174657c693a313737393534373530353b),
('ci_session:4d9e9039d7244d564a7171f520504b2a', '::1', 20260523185540, 0x5f5f63695f6c6173745f726567656e65726174657c693a313737393534343534303b757365725f69647c733a33363a2231313131313131312d313131312d313131312d313131312d313131313131313131313131223b),
('ci_session:52cedcf21b3c1ae94e7b7a7188b72949', '::1', 20260523193144, 0x5f5f63695f6c6173745f726567656e65726174657c693a313737393534363730343b757365725f69647c733a33363a2231313131313131312d313131312d313131312d313131312d313131313131313131313131223b),
('ci_session:57e7b7e68a366c0adc002e60709e02a9', '::1', 20260523204856, 0x5f5f63695f6c6173745f726567656e65726174657c693a313737393535313333363b757365725f69647c733a33363a2231313131313131312d313131312d313131312d313131312d313131313131313131313131223b),
('ci_session:5b85efe404f8b0a34399c922c41c6b68', '::1', 20260523192527, 0x5f5f63695f6c6173745f726567656e65726174657c693a313737393534363332373b757365725f69647c733a33363a2231313131313131312d313131312d313131312d313131312d313131313131313131313131223b),
('ci_session:67d1c93fb6bb4ccd99c8bb12dc72b83f', '::1', 20260523215953, 0x5f5f63695f6c6173745f726567656e65726174657c693a313737393535353539333b757365725f69647c733a33363a2231313131313131312d313131312d313131312d313131312d313131313131313131313131223b),
('ci_session:6d5611c695ed17553a7f5465654daec6', '::1', 20260523195541, 0x5f5f63695f6c6173745f726567656e65726174657c693a313737393534383134313b757365725f69647c733a33363a2231313131313131312d313131312d313131312d313131312d313131313131313131313131223b),
('ci_session:75c9ef9eba8b0813e21912582fead851', '::1', 20260523212202, 0x5f5f63695f6c6173745f726567656e65726174657c693a313737393535333332323b757365725f69647c733a33363a2231313131313131312d313131312d313131312d313131312d313131313131313131313131223b),
('ci_session:7a75a051ef1a55e38b57056e8f6edd16', '::1', 20260523202232, 0x5f5f63695f6c6173745f726567656e65726174657c693a313737393534393735323b757365725f69647c733a33363a2231313131313131312d313131312d313131312d313131312d313131313131313131313131223b),
('ci_session:7dd28041f3dafef1625a2e4680f695a3', '::1', 20260523201729, 0x5f5f63695f6c6173745f726567656e65726174657c693a313737393534393434393b757365725f69647c733a33363a2231313131313131312d313131312d313131312d313131312d313131313131313131313131223b),
('ci_session:92ea57e3591fd44419c039270e09bfc5', '::1', 20260523185039, 0x5f5f63695f6c6173745f726567656e65726174657c693a313737393534343233393b757365725f69647c733a33363a2231313131313131312d313131312d313131312d313131312d313131313131313131313131223b),
('ci_session:b5b61fb5b53ef1cd488fd917ad9d2b32', '::1', 20260523220057, 0x5f5f63695f6c6173745f726567656e65726174657c693a313737393535353539333b757365725f69647c733a33363a2231313131313131312d313131312d313131312d313131312d313131313131313131313131223b),
('ci_session:c84769a08502166bc77a86553115ea23', '::1', 20260523213545, 0x5f5f63695f6c6173745f726567656e65726174657c693a313737393535343134353b757365725f69647c733a33363a2231313131313131312d313131312d313131312d313131312d313131313131313131313131223b),
('ci_session:d33b8ba19a5b69afc4f4f0b4239d2205', '::1', 20260523194924, 0x5f5f63695f6c6173745f726567656e65726174657c693a313737393534373736343b757365725f69647c733a33363a2231313131313131312d313131312d313131312d313131312d313131313131313131313131223b),
('ci_session:eeed66db5547e92ae4d924bbd9b3262d', '::1', 20260523214048, 0x5f5f63695f6c6173745f726567656e65726174657c693a313737393535343434383b757365725f69647c733a33363a2231313131313131312d313131312d313131312d313131312d313131313131313131313131223b),
('ci_session:f94a8e9da828e0b1355be8beaff594d0', '::1', 20260523215450, 0x5f5f63695f6c6173745f726567656e65726174657c693a313737393535353239303b757365725f69647c733a33363a2231313131313131312d313131312d313131312d313131312d313131313131313131313131223b),
('ci_session:fea468a4932153bcc0dd04a7bb75740e', '::1', 20260523214556, 0x5f5f63695f6c6173745f726567656e65726174657c693a313737393535343735363b757365725f69647c733a33363a2231313131313131312d313131312d313131312d313131312d313131313131313131313131223b);

-- --------------------------------------------------------

--
-- Table structure for table `finance_categories`
--

CREATE TABLE `finance_categories` (
  `id` char(36) COLLATE utf8mb4_unicode_ci NOT NULL,
  `book_id` char(36) COLLATE utf8mb4_unicode_ci NOT NULL,
  `created_by` char(36) COLLATE utf8mb4_unicode_ci DEFAULT NULL,
  `name` varchar(255) COLLATE utf8mb4_unicode_ci NOT NULL,
  `type` enum('income','expense') COLLATE utf8mb4_unicode_ci NOT NULL,
  `color` varchar(20) COLLATE utf8mb4_unicode_ci DEFAULT NULL,
  `created_at` datetime NOT NULL DEFAULT CURRENT_TIMESTAMP,
  `updated_at` datetime NOT NULL DEFAULT CURRENT_TIMESTAMP ON UPDATE CURRENT_TIMESTAMP,
  `deleted_at` datetime DEFAULT NULL
) ENGINE=InnoDB DEFAULT CHARSET=utf8mb4 COLLATE=utf8mb4_unicode_ci;

-- --------------------------------------------------------

--
-- Table structure for table `finance_transactions`
--

CREATE TABLE `finance_transactions` (
  `id` char(36) COLLATE utf8mb4_unicode_ci NOT NULL,
  `book_id` char(36) COLLATE utf8mb4_unicode_ci NOT NULL,
  `created_by` char(36) COLLATE utf8mb4_unicode_ci DEFAULT NULL,
  `category_id` char(36) COLLATE utf8mb4_unicode_ci DEFAULT NULL,
  `type` enum('income','expense') COLLATE utf8mb4_unicode_ci NOT NULL,
  `amount` decimal(15,2) NOT NULL,
  `currency_code` char(3) COLLATE utf8mb4_unicode_ci NOT NULL,
  `transaction_date` date NOT NULL,
  `note` text COLLATE utf8mb4_unicode_ci,
  `reference` varchar(100) COLLATE utf8mb4_unicode_ci DEFAULT NULL,
  `created_at` datetime NOT NULL DEFAULT CURRENT_TIMESTAMP,
  `updated_at` datetime NOT NULL DEFAULT CURRENT_TIMESTAMP ON UPDATE CURRENT_TIMESTAMP,
  `deleted_at` datetime DEFAULT NULL
) ENGINE=InnoDB DEFAULT CHARSET=utf8mb4 COLLATE=utf8mb4_unicode_ci;

-- --------------------------------------------------------

--
-- Table structure for table `minishop_categories`
--

CREATE TABLE `minishop_categories` (
  `id` char(36) COLLATE utf8mb4_unicode_ci NOT NULL,
  `book_id` char(36) COLLATE utf8mb4_unicode_ci NOT NULL,
  `created_by` char(36) COLLATE utf8mb4_unicode_ci DEFAULT NULL,
  `name` varchar(255) COLLATE utf8mb4_unicode_ci NOT NULL,
  `sort_order` int NOT NULL DEFAULT '0',
  `created_at` datetime NOT NULL DEFAULT CURRENT_TIMESTAMP,
  `updated_at` datetime NOT NULL DEFAULT CURRENT_TIMESTAMP ON UPDATE CURRENT_TIMESTAMP,
  `deleted_at` datetime DEFAULT NULL
) ENGINE=InnoDB DEFAULT CHARSET=utf8mb4 COLLATE=utf8mb4_unicode_ci;

--
-- Dumping data for table `minishop_categories`
--

INSERT INTO `minishop_categories` (`id`, `book_id`, `created_by`, `name`, `sort_order`, `created_at`, `updated_at`, `deleted_at`) VALUES
('1569fcf1-62e3-47fd-bab2-2d175ec63de6', 'b00eb1d2-4403-446d-88bb-b00f9e6ad8d6', '11111111-1111-1111-1111-111111111111', 'Gullar', 0, '2026-05-18 15:09:08', '2026-05-18 15:09:08', NULL),
('70000000-0000-0000-0000-000000000001', 'b00eb1d2-4403-446d-88bb-b00f9e6ad8d6', '11111111-1111-1111-1111-111111111111', 'Snacks', 1, '2026-05-15 18:27:46', '2026-05-15 18:27:46', NULL),
('70000000-0000-0000-0000-000000000002', 'b00eb1d2-4403-446d-88bb-b00f9e6ad8d6', '11111111-1111-1111-1111-111111111111', 'Drinks', 2, '2026-05-15 18:27:46', '2026-05-15 18:27:46', NULL),
('70000000-0000-0000-0000-000000000003', 'b00eb1d2-4403-446d-88bb-b00f9e6ad8d6', '11111111-1111-1111-1111-111111111111', 'Household', 3, '2026-05-15 18:27:46', '2026-05-15 18:27:46', NULL),
('e6b17de6-c794-43bf-933c-32b2bd5850ba', 'b00eb1d2-4403-446d-88bb-b00f9e6ad8d6', '11111111-1111-1111-1111-111111111111', 'Ovqatlar', 0, '2026-05-18 15:15:30', '2026-05-18 15:15:30', NULL);

-- --------------------------------------------------------

--
-- Table structure for table `minishop_customers`
--

CREATE TABLE `minishop_customers` (
  `id` char(36) COLLATE utf8mb4_unicode_ci NOT NULL,
  `book_id` char(36) COLLATE utf8mb4_unicode_ci NOT NULL,
  `created_by` char(36) COLLATE utf8mb4_unicode_ci DEFAULT NULL,
  `name` varchar(255) COLLATE utf8mb4_unicode_ci NOT NULL,
  `phone` varchar(50) COLLATE utf8mb4_unicode_ci DEFAULT NULL,
  `note` text COLLATE utf8mb4_unicode_ci,
  `reminder_at` datetime DEFAULT NULL,
  `reminder_note` varchar(255) COLLATE utf8mb4_unicode_ci DEFAULT NULL,
  `created_at` datetime NOT NULL DEFAULT CURRENT_TIMESTAMP,
  `updated_at` datetime NOT NULL DEFAULT CURRENT_TIMESTAMP ON UPDATE CURRENT_TIMESTAMP,
  `deleted_at` datetime DEFAULT NULL
) ENGINE=InnoDB DEFAULT CHARSET=utf8mb4 COLLATE=utf8mb4_unicode_ci;

--
-- Dumping data for table `minishop_customers`
--

INSERT INTO `minishop_customers` (`id`, `book_id`, `created_by`, `name`, `phone`, `note`, `reminder_at`, `reminder_note`, `created_at`, `updated_at`, `deleted_at`) VALUES
('3d67f92c-9e89-4199-8905-5f227d79918c', 'b00eb1d2-4403-446d-88bb-b00f9e6ad8d6', '11111111-1111-1111-1111-111111111111', 'Ahmadboy', '+9989123123', 'Salom alaykum', NULL, NULL, '2026-05-19 09:36:21', '2026-05-19 09:36:39', NULL),
('4afdb0d4-9bb5-42fd-87c0-47e73ae16a33', 'b00eb1d2-4403-446d-88bb-b00f9e6ad8d6', '11111111-1111-1111-1111-111111111111', 'Sher', NULL, NULL, NULL, NULL, '2026-05-19 09:37:08', '2026-05-19 09:37:08', NULL),
('4c30f3e5-9b9d-4cb5-9090-1f75f7ce5c39', 'b00eb1d2-4403-446d-88bb-b00f9e6ad8d6', '11111111-1111-1111-1111-111111111111', 'Abdullajon 2', NULL, 'asdasdasd', NULL, NULL, '2026-05-23 13:34:01', '2026-05-23 13:34:01', NULL),
('b1e1e4a5-1ece-4ff5-ae68-87916c5971df', '34c416bd-5631-4394-84bc-2e05e436351d', '11111111-1111-1111-1111-111111111111', 'Franchesko Optom', '+998', 'Importer', NULL, NULL, '2026-05-23 13:39:25', '2026-05-23 13:39:25', NULL),
('b42103c1-e764-4679-b333-457f22bf3f5c', 'b00eb1d2-4403-446d-88bb-b00f9e6ad8d6', '11111111-1111-1111-1111-111111111111', 'Abdullajon', '+998', 'Salom', NULL, NULL, '2026-05-23 13:32:53', '2026-05-23 13:32:53', NULL),
('bdd58fe0-0f38-431b-9e02-762776b0d173', 'b00eb1d2-4403-446d-88bb-b00f9e6ad8d6', '11111111-1111-1111-1111-111111111111', 'Muslim', NULL, 'Salom bu odam ajoyib', NULL, NULL, '2026-05-19 09:45:33', '2026-05-19 09:45:33', NULL),
('c82243f2-3ab3-4a0f-bd91-172abc4d1d0d', 'b00eb1d2-4403-446d-88bb-b00f9e6ad8d6', '11111111-1111-1111-1111-111111111111', 'Rustam xoji aka', '+998001111111', 'Qarzni qaytarmaydi', NULL, NULL, '2026-05-19 11:13:21', '2026-05-19 11:13:21', NULL),
('db64ae43-fde0-45db-a6f0-92ff5c678c8e', 'b00eb1d2-4403-446d-88bb-b00f9e6ad8d6', '11111111-1111-1111-1111-111111111111', 'bek', '+998', NULL, NULL, NULL, '2026-05-19 09:37:31', '2026-05-19 09:37:31', NULL);

-- --------------------------------------------------------

--
-- Table structure for table `minishop_products`
--

CREATE TABLE `minishop_products` (
  `id` char(36) COLLATE utf8mb4_unicode_ci NOT NULL,
  `book_id` char(36) COLLATE utf8mb4_unicode_ci NOT NULL,
  `created_by` char(36) COLLATE utf8mb4_unicode_ci DEFAULT NULL,
  `category_id` char(36) COLLATE utf8mb4_unicode_ci DEFAULT NULL,
  `name` varchar(255) COLLATE utf8mb4_unicode_ci NOT NULL,
  `sku` varchar(100) COLLATE utf8mb4_unicode_ci DEFAULT NULL,
  `price` decimal(15,2) NOT NULL,
  `quantity` decimal(10,3) NOT NULL DEFAULT '0.000',
  `low_stock_alert` decimal(10,3) DEFAULT NULL,
  `is_active` tinyint(1) NOT NULL DEFAULT '1',
  `created_at` datetime NOT NULL DEFAULT CURRENT_TIMESTAMP,
  `updated_at` datetime NOT NULL DEFAULT CURRENT_TIMESTAMP ON UPDATE CURRENT_TIMESTAMP,
  `deleted_at` datetime DEFAULT NULL
) ENGINE=InnoDB DEFAULT CHARSET=utf8mb4 COLLATE=utf8mb4_unicode_ci;

--
-- Dumping data for table `minishop_products`
--

INSERT INTO `minishop_products` (`id`, `book_id`, `created_by`, `category_id`, `name`, `sku`, `price`, `quantity`, `low_stock_alert`, `is_active`, `created_at`, `updated_at`, `deleted_at`) VALUES
('29b71632-03ea-4c8e-843e-e528c3550b2a', 'b00eb1d2-4403-446d-88bb-b00f9e6ad8d6', '11111111-1111-1111-1111-111111111111', 'e6b17de6-c794-43bf-933c-32b2bd5850ba', 'Ajoyib ovqat', NULL, 100.00, -8.000, 5.000, 1, '2026-05-15 14:04:50', '2026-05-23 13:46:21', NULL),
('410feb25-c806-4163-8cf2-31efb1106e2d', 'b00eb1d2-4403-446d-88bb-b00f9e6ad8d6', '11111111-1111-1111-1111-111111111111', '1569fcf1-62e3-47fd-bab2-2d175ec63de6', 'Atirgul', NULL, 1200.00, -16.000, 5.000, 1, '2026-05-18 15:09:08', '2026-05-23 13:46:21', NULL),
('712494b0-b409-40a1-b1b4-a5b4359527f6', 'b00eb1d2-4403-446d-88bb-b00f9e6ad8d6', '11111111-1111-1111-1111-111111111111', '1569fcf1-62e3-47fd-bab2-2d175ec63de6', 'sadasd', NULL, 12.00, 1.000, NULL, 1, '2026-05-18 15:09:40', '2026-05-18 15:09:40', NULL),
('718c9049-ff32-45d8-af65-ced8f44fd3a6', '34c416bd-5631-4394-84bc-2e05e436351d', '11111111-1111-1111-1111-111111111111', NULL, 'Romashka', NULL, 2500.00, 30.000, 2.000, 1, '2026-05-23 13:38:18', '2026-05-23 13:39:45', NULL),
('80000000-0000-0000-0000-000000000001', 'b00eb1d2-4403-446d-88bb-b00f9e6ad8d6', '11111111-1111-1111-1111-111111111111', 'e6b17de6-c794-43bf-933c-32b2bd5850ba', 'Chocolate Bar', 'SNK-001', 12.00, 13.000, 10.000, 1, '2026-05-15 18:27:46', '2026-05-23 13:50:39', NULL),
('80000000-0000-0000-0000-000000000002', 'b00eb1d2-4403-446d-88bb-b00f9e6ad8d6', '11111111-1111-1111-1111-111111111111', '70000000-0000-0000-0000-000000000002', 'Cola 1L', 'DRK-001', 20.00, 97.000, 5.000, 1, '2026-05-15 18:27:46', '2026-05-23 13:50:39', NULL),
('80000000-0000-0000-0000-000000000003', 'b00eb1d2-4403-446d-88bb-b00f9e6ad8d6', '11111111-1111-1111-1111-111111111111', '70000000-0000-0000-0000-000000000003', 'Dish Soap', 'HOU-001', 27.50, -3.000, 3.000, 1, '2026-05-15 18:27:46', '2026-05-23 13:50:39', NULL),
('80000000-0000-0000-0000-000000000004', 'b00eb1d2-4403-446d-88bb-b00f9e6ad8d6', '11111111-1111-1111-1111-111111111111', '70000000-0000-0000-0000-000000000001', 'Potato Chips', 'SNK-002', 15.00, 23.000, 8.000, 1, '2026-05-15 18:27:46', '2026-05-23 13:50:39', NULL),
('80000000-0000-0000-0000-000000000005', 'b00eb1d2-4403-446d-88bb-b00f9e6ad8d6', '11111111-1111-1111-1111-111111111111', '70000000-0000-0000-0000-000000000002', 'Mineral Water 1L', 'DRK-002', 8.00, 39.000, 10.000, 1, '2026-05-15 18:27:46', '2026-05-23 13:50:39', NULL),
('bc11f1d8-b4b9-47b4-9e3d-3a1eeeba40c9', 'b00eb1d2-4403-446d-88bb-b00f9e6ad8d6', '11111111-1111-1111-1111-111111111111', NULL, 'Samsun Galaxy S 10', 'S231', 1200.00, 10.000, 5.000, 1, '2026-05-18 07:26:38', '2026-05-18 07:26:38', NULL);

-- --------------------------------------------------------

--
-- Table structure for table `minishop_sales`
--

CREATE TABLE `minishop_sales` (
  `id` char(36) COLLATE utf8mb4_unicode_ci NOT NULL,
  `book_id` char(36) COLLATE utf8mb4_unicode_ci NOT NULL,
  `created_by` char(36) COLLATE utf8mb4_unicode_ci DEFAULT NULL,
  `customer_id` char(36) COLLATE utf8mb4_unicode_ci DEFAULT NULL,
  `currency_code` char(3) COLLATE utf8mb4_unicode_ci NOT NULL,
  `subtotal_amount` decimal(15,2) NOT NULL,
  `discount_amount` decimal(15,2) NOT NULL DEFAULT '0.00',
  `total_amount` decimal(15,2) NOT NULL,
  `paid_amount` decimal(15,2) NOT NULL DEFAULT '0.00',
  `due_amount` decimal(15,2) NOT NULL DEFAULT '0.00',
  `payment_status` enum('unpaid','partial','paid') COLLATE utf8mb4_unicode_ci NOT NULL DEFAULT 'unpaid',
  `note` text COLLATE utf8mb4_unicode_ci,
  `sold_at` datetime NOT NULL,
  `created_at` datetime NOT NULL DEFAULT CURRENT_TIMESTAMP,
  `updated_at` datetime NOT NULL DEFAULT CURRENT_TIMESTAMP ON UPDATE CURRENT_TIMESTAMP,
  `deleted_at` datetime DEFAULT NULL
) ENGINE=InnoDB DEFAULT CHARSET=utf8mb4 COLLATE=utf8mb4_unicode_ci;

--
-- Dumping data for table `minishop_sales`
--

INSERT INTO `minishop_sales` (`id`, `book_id`, `created_by`, `customer_id`, `currency_code`, `subtotal_amount`, `discount_amount`, `total_amount`, `paid_amount`, `due_amount`, `payment_status`, `note`, `sold_at`, `created_at`, `updated_at`, `deleted_at`) VALUES
('00912c9d-10d9-4513-93e8-da97f1cdbb9a', 'b00eb1d2-4403-446d-88bb-b00f9e6ad8d6', '11111111-1111-1111-1111-111111111111', NULL, 'UZS', 103.00, 0.00, 103.00, 103.00, 0.00, 'paid', NULL, '2026-05-17 15:46:11', '2026-05-17 15:46:11', '2026-05-17 15:46:11', NULL),
('0ee833d8-dc53-482b-841d-e3a942e5c71a', 'b00eb1d2-4403-446d-88bb-b00f9e6ad8d6', '11111111-1111-1111-1111-111111111111', 'c82243f2-3ab3-4a0f-bd91-172abc4d1d0d', 'UZS', 1300.00, 300.00, 1000.00, 1000.00, 0.00, 'paid', NULL, '2026-05-19 16:13:28', '2026-05-19 11:13:28', '2026-05-23 11:59:49', NULL),
('10a0d088-e96e-4032-83e1-f75c4ce3221a', 'b00eb1d2-4403-446d-88bb-b00f9e6ad8d6', '11111111-1111-1111-1111-111111111111', NULL, 'UZS', 219.50, 19.50, 200.00, 200.00, 0.00, 'paid', NULL, '2026-05-18 10:45:39', '2026-05-18 10:45:39', '2026-05-18 11:19:07', '2026-05-18 11:19:07'),
('127e62e1-ec7d-4463-984e-337160e754c7', 'b00eb1d2-4403-446d-88bb-b00f9e6ad8d6', '11111111-1111-1111-1111-111111111111', NULL, 'UZS', 198.00, 0.00, 198.00, 198.00, 0.00, 'paid', NULL, '2026-05-18 07:06:52', '2026-05-18 07:06:52', '2026-05-18 07:06:52', NULL),
('19b91a4f-5cb1-42ab-a4ee-135604bbef00', 'b00eb1d2-4403-446d-88bb-b00f9e6ad8d6', '11111111-1111-1111-1111-111111111111', NULL, 'UZS', 1236.00, 36.00, 1200.00, 1200.00, 0.00, 'paid', NULL, '2026-05-22 17:35:31', '2026-05-22 12:35:31', '2026-05-22 12:35:31', NULL),
('1d77158d-45a8-4186-bc3b-beecb4158a22', 'b00eb1d2-4403-446d-88bb-b00f9e6ad8d6', '11111111-1111-1111-1111-111111111111', NULL, 'UZS', 112.00, 0.00, 112.00, 112.00, 0.00, 'paid', NULL, '2026-05-18 11:22:19', '2026-05-18 11:22:19', '2026-05-18 11:22:19', NULL),
('24245048-1513-46bd-84d0-249d6a0b17b4', 'b00eb1d2-4403-446d-88bb-b00f9e6ad8d6', '11111111-1111-1111-1111-111111111111', NULL, 'UZS', 100.00, 0.00, 100.00, 100.00, 0.00, 'paid', NULL, '2026-05-23 17:48:00', '2026-05-23 12:48:00', '2026-05-23 12:48:00', NULL),
('283882b8-a2ca-41ca-9d13-55253e101354', 'b00eb1d2-4403-446d-88bb-b00f9e6ad8d6', '11111111-1111-1111-1111-111111111111', NULL, 'UZS', 94632.00, 4632.00, 90000.00, 90000.00, 0.00, 'paid', NULL, '2026-05-18 07:15:24', '2026-05-18 07:15:24', '2026-05-18 07:15:24', NULL),
('32620f5a-829f-4c25-817f-2de3e1d1492f', 'b00eb1d2-4403-446d-88bb-b00f9e6ad8d6', '11111111-1111-1111-1111-111111111111', NULL, 'UZS', 51.00, 0.00, 51.00, 51.00, 0.00, 'paid', NULL, '2026-05-18 07:09:01', '2026-05-18 07:09:01', '2026-05-18 07:09:01', NULL),
('4686638a-bd15-4570-85c4-8f7933005814', 'b00eb1d2-4403-446d-88bb-b00f9e6ad8d6', '11111111-1111-1111-1111-111111111111', NULL, 'UZS', 699004.00, 0.00, 699004.00, 699004.00, 0.00, 'paid', NULL, '2026-05-17 15:13:21', '2026-05-17 15:13:21', '2026-05-18 11:22:11', '2026-05-18 11:22:11'),
('4896506b-2f98-4610-b162-2bbd1523be57', 'b00eb1d2-4403-446d-88bb-b00f9e6ad8d6', '11111111-1111-1111-1111-111111111111', NULL, 'UZS', 1200.00, 50.00, 1150.00, 1150.00, 0.00, 'paid', NULL, '2026-05-22 17:51:10', '2026-05-22 12:51:10', '2026-05-22 14:28:37', NULL),
('48b4b87b-2df0-425d-bb5d-b2dfc1a1b0d7', 'b00eb1d2-4403-446d-88bb-b00f9e6ad8d6', '11111111-1111-1111-1111-111111111111', NULL, 'UZS', 120.00, 0.00, 120.00, 100.00, 20.00, 'partial', NULL, '2026-05-18 09:54:22', '2026-05-18 09:54:22', '2026-05-18 13:38:52', NULL),
('499b406c-485c-482b-9613-6cbaaeb8e712', 'b00eb1d2-4403-446d-88bb-b00f9e6ad8d6', '11111111-1111-1111-1111-111111111111', 'c82243f2-3ab3-4a0f-bd91-172abc4d1d0d', 'UZS', 182.50, 2.50, 180.00, 180.00, 0.00, 'paid', NULL, '2026-05-23 18:50:39', '2026-05-23 13:50:39', '2026-05-23 13:50:39', NULL),
('6967c7f3-0eed-4d81-a18c-ff1c4e17b402', 'b00eb1d2-4403-446d-88bb-b00f9e6ad8d6', '11111111-1111-1111-1111-111111111111', NULL, 'UZS', 1312.00, 0.00, 1312.00, 1312.00, 0.00, 'paid', NULL, '2026-05-23 18:08:18', '2026-05-23 13:08:18', '2026-05-23 13:08:18', NULL),
('6b35d0c3-6203-4f5c-859a-058ff4d5a099', 'b00eb1d2-4403-446d-88bb-b00f9e6ad8d6', '11111111-1111-1111-1111-111111111111', NULL, 'UZS', 322.00, 0.00, 322.00, 322.00, 0.00, 'paid', NULL, '2026-05-17 15:47:54', '2026-05-17 15:47:54', '2026-05-17 15:47:54', NULL),
('6df2f989-90dd-4629-a4bc-66d1436f1933', 'b00eb1d2-4403-446d-88bb-b00f9e6ad8d6', '11111111-1111-1111-1111-111111111111', NULL, 'UZS', 72.00, 0.00, 72.00, 72.00, 0.00, 'paid', NULL, '2026-05-23 18:04:37', '2026-05-23 13:04:37', '2026-05-23 13:04:37', NULL),
('738c6965-bdff-4fb3-a8a9-363e03a8fed8', 'b00eb1d2-4403-446d-88bb-b00f9e6ad8d6', '11111111-1111-1111-1111-111111111111', NULL, 'UZS', 4114.00, 0.00, 4114.00, 4114.00, 0.00, 'paid', NULL, '2026-05-23 18:46:21', '2026-05-23 13:46:21', '2026-05-23 13:46:21', NULL),
('842efe3d-c69f-45b8-b545-0cc9fa59601e', 'b00eb1d2-4403-446d-88bb-b00f9e6ad8d6', '11111111-1111-1111-1111-111111111111', 'bdd58fe0-0f38-431b-9e02-762776b0d173', 'UZS', 1312.00, 0.00, 1312.00, 1312.00, 0.00, 'paid', NULL, '2026-05-22 19:47:58', '2026-05-22 14:47:58', '2026-05-22 14:47:58', NULL),
('8a714344-8601-4208-9d3d-dd79e2d57722', 'b00eb1d2-4403-446d-88bb-b00f9e6ad8d6', '11111111-1111-1111-1111-111111111111', NULL, 'UZS', 1300.00, 0.00, 1300.00, 1000.00, 300.00, 'partial', NULL, '2026-05-23 18:42:12', '2026-05-23 13:42:12', '2026-05-23 13:42:12', NULL),
('8e2b191b-b5d1-4020-9556-7c272bed4801', 'b00eb1d2-4403-446d-88bb-b00f9e6ad8d6', '11111111-1111-1111-1111-111111111111', NULL, 'UZS', 1300.00, 0.00, 1300.00, 1300.00, 0.00, 'paid', NULL, '2026-05-23 17:54:58', '2026-05-23 12:54:58', '2026-05-23 12:54:58', NULL),
('8e994ebc-f6f9-41d1-a69c-3b081024ec6d', 'b00eb1d2-4403-446d-88bb-b00f9e6ad8d6', '11111111-1111-1111-1111-111111111111', NULL, 'UZS', 100.00, 0.00, 100.00, 100.00, 0.00, 'paid', NULL, '2026-05-18 18:15:00', '2026-05-18 13:15:00', '2026-05-18 13:15:00', NULL),
('97f4ffd6-55f7-49cb-a9f2-b2a2bad64bbd', 'b00eb1d2-4403-446d-88bb-b00f9e6ad8d6', '11111111-1111-1111-1111-111111111111', NULL, 'UZS', 28.00, 0.00, 28.00, 0.00, 28.00, 'unpaid', 'Salom odamlar', '2026-05-18 17:57:47', '2026-05-18 12:57:47', '2026-05-18 13:58:09', NULL),
('9863a8e7-7964-4533-ae86-f488f031953f', 'b00eb1d2-4403-446d-88bb-b00f9e6ad8d6', '11111111-1111-1111-1111-111111111111', NULL, 'UZS', 8512.00, 0.00, 8512.00, 8411.00, 101.00, 'partial', NULL, '2026-05-23 17:40:40', '2026-05-23 12:40:40', '2026-05-23 12:40:40', NULL),
('9b4da771-1d1d-4913-8aa2-8e190c369c9f', 'b00eb1d2-4403-446d-88bb-b00f9e6ad8d6', '11111111-1111-1111-1111-111111111111', 'b42103c1-e764-4679-b333-457f22bf3f5c', 'UZS', 2500.00, 0.00, 2500.00, 2000.00, 500.00, 'partial', NULL, '2026-05-23 18:36:18', '2026-05-23 13:36:18', '2026-05-23 13:36:18', NULL),
('a1215baa-c8ed-4bb2-b04c-ad1d1dfef6ab', 'b00eb1d2-4403-446d-88bb-b00f9e6ad8d6', '11111111-1111-1111-1111-111111111111', NULL, 'UZS', 167.50, 67.50, 100.00, 0.00, 100.00, 'unpaid', NULL, '2026-05-18 18:00:32', '2026-05-18 13:00:32', '2026-05-18 14:02:38', NULL),
('a481d22b-d660-479e-82fd-652119bc9932', 'b00eb1d2-4403-446d-88bb-b00f9e6ad8d6', '11111111-1111-1111-1111-111111111111', NULL, 'UZS', 440.00, 40.00, 400.00, 400.00, 0.00, 'paid', 'Salom bu sotuv haqida info bo\'ladis', '2026-05-18 17:50:33', '2026-05-18 12:50:33', '2026-05-18 12:50:33', NULL),
('a9a85b9e-2381-4496-b178-23f181f0fb2e', 'b00eb1d2-4403-446d-88bb-b00f9e6ad8d6', '11111111-1111-1111-1111-111111111111', NULL, 'UZS', 81.50, 0.00, 81.50, 0.00, 81.50, 'unpaid', NULL, '2026-05-17 15:18:06', '2026-05-17 15:18:06', '2026-05-17 15:18:06', NULL),
('ac18ecf3-7498-448b-a259-2f10b55e6b20', 'b00eb1d2-4403-446d-88bb-b00f9e6ad8d6', '11111111-1111-1111-1111-111111111111', NULL, 'UZS', 280.00, 10.00, 270.00, 270.00, 0.00, 'paid', NULL, '2026-05-23 15:44:41', '2026-05-23 10:44:41', '2026-05-23 10:45:30', NULL),
('ae9a26ad-50e2-4fe1-a194-055cb7cb4b3b', 'b00eb1d2-4403-446d-88bb-b00f9e6ad8d6', '11111111-1111-1111-1111-111111111111', NULL, 'UZS', 23.00, 0.00, 23.00, 10.00, 13.00, 'partial', NULL, '2026-05-17 15:16:02', '2026-05-17 15:16:02', '2026-05-17 15:16:02', NULL),
('aef606d7-b695-402b-a9e6-1f78f641f089', 'b00eb1d2-4403-446d-88bb-b00f9e6ad8d6', '11111111-1111-1111-1111-111111111111', NULL, 'UZS', 152.00, 0.00, 152.00, 152.00, 0.00, 'paid', NULL, '2026-05-18 17:55:43', '2026-05-18 12:55:43', '2026-05-18 12:55:43', NULL),
('b039c322-8cb2-4215-b927-b3a2fc98a0b0', 'b00eb1d2-4403-446d-88bb-b00f9e6ad8d6', '11111111-1111-1111-1111-111111111111', NULL, 'UZS', 1300.00, 0.00, 1300.00, 1300.00, 0.00, 'paid', NULL, '2026-05-23 17:59:34', '2026-05-23 12:59:34', '2026-05-23 12:59:34', NULL),
('bcc6e3b3-c149-4741-b80b-88747b60b3a2', 'b00eb1d2-4403-446d-88bb-b00f9e6ad8d6', '11111111-1111-1111-1111-111111111111', NULL, 'UZS', 24.00, 24.00, 0.00, 0.00, 0.00, 'paid', NULL, '2026-05-22 18:52:16', '2026-05-22 13:52:16', '2026-05-22 13:52:16', NULL),
('bd91eaa1-be3e-4eb6-baa0-7e9969739216', 'b00eb1d2-4403-446d-88bb-b00f9e6ad8d6', '11111111-1111-1111-1111-111111111111', '4afdb0d4-9bb5-42fd-87c0-47e73ae16a33', 'UZS', 1347.50, 0.00, 1347.50, 1347.50, 0.00, 'paid', NULL, '2026-05-19 14:45:53', '2026-05-19 09:45:53', '2026-05-22 15:24:42', '2026-05-22 15:24:42'),
('c342e99e-c1d4-4f44-a958-e7ea30514144', 'b00eb1d2-4403-446d-88bb-b00f9e6ad8d6', '11111111-1111-1111-1111-111111111111', '4afdb0d4-9bb5-42fd-87c0-47e73ae16a33', 'UZS', 1300.00, 0.00, 1300.00, 1300.00, 0.00, 'paid', NULL, '2026-05-19 14:37:14', '2026-05-19 09:37:14', '2026-05-22 15:24:28', '2026-05-22 15:24:28'),
('cc83f333-c03a-4ce5-a73c-4ba77205e176', '34c416bd-5631-4394-84bc-2e05e436351d', '11111111-1111-1111-1111-111111111111', 'b1e1e4a5-1ece-4ff5-ae68-87916c5971df', 'UZS', 50000.00, 0.00, 50000.00, 50000.00, 0.00, 'paid', NULL, '2026-05-23 18:39:45', '2026-05-23 13:39:45', '2026-05-23 13:39:45', NULL),
('d01877db-59f6-4c1e-83c4-fb607df6ac12', 'b00eb1d2-4403-446d-88bb-b00f9e6ad8d6', '11111111-1111-1111-1111-111111111111', NULL, 'UZS', 0.00, 0.00, 0.00, 0.00, 0.00, 'paid', NULL, '2026-05-22 18:51:22', '2026-05-22 13:51:22', '2026-05-22 13:51:22', NULL),
('f34b7f4f-9f9c-40bc-aafc-ede81f0f004c', 'b00eb1d2-4403-446d-88bb-b00f9e6ad8d6', '11111111-1111-1111-1111-111111111111', NULL, 'UZS', 1.00, 0.00, 1.00, 1.00, 0.00, 'paid', NULL, '2026-05-17 15:15:50', '2026-05-17 15:15:50', '2026-05-18 11:22:14', '2026-05-18 11:22:14'),
('f593e178-6e98-4e8a-949a-323c5596886f', 'b00eb1d2-4403-446d-88bb-b00f9e6ad8d6', '11111111-1111-1111-1111-111111111111', NULL, 'UZS', 1232.00, 0.00, 1232.00, 1232.00, 0.00, 'paid', NULL, '2026-05-22 20:38:00', '2026-05-22 15:38:00', '2026-05-22 15:38:00', NULL),
('f7f7eedd-4da0-4861-8237-90d9cbde8820', 'b00eb1d2-4403-446d-88bb-b00f9e6ad8d6', '11111111-1111-1111-1111-111111111111', NULL, 'UZS', 1312.00, 0.00, 1312.00, 1312.00, 0.00, 'paid', NULL, '2026-05-22 20:37:53', '2026-05-22 15:37:53', '2026-05-22 15:37:53', NULL);

-- --------------------------------------------------------

--
-- Table structure for table `minishop_sale_items`
--

CREATE TABLE `minishop_sale_items` (
  `id` char(36) COLLATE utf8mb4_unicode_ci NOT NULL,
  `sale_id` char(36) COLLATE utf8mb4_unicode_ci NOT NULL,
  `product_id` char(36) COLLATE utf8mb4_unicode_ci DEFAULT NULL,
  `product_name` varchar(255) COLLATE utf8mb4_unicode_ci NOT NULL,
  `product_sku` varchar(100) COLLATE utf8mb4_unicode_ci DEFAULT NULL,
  `quantity` decimal(10,3) NOT NULL,
  `unit_price` decimal(15,2) NOT NULL,
  `line_total` decimal(15,2) NOT NULL
) ENGINE=InnoDB DEFAULT CHARSET=utf8mb4 COLLATE=utf8mb4_unicode_ci;

--
-- Dumping data for table `minishop_sale_items`
--

INSERT INTO `minishop_sale_items` (`id`, `sale_id`, `product_id`, `product_name`, `product_sku`, `quantity`, `unit_price`, `line_total`) VALUES
('0bb2fe38-cf75-40da-937f-87a4e41272d6', '283882b8-a2ca-41ca-9d13-55253e101354', '80000000-0000-0000-0000-000000000004', 'Potato Chips', 'SNK-002', 1.000, 89000.00, 89000.00),
('0dd5df9c-e061-4650-aae0-e51f5de911b3', '6df2f989-90dd-4629-a4bc-66d1436f1933', '80000000-0000-0000-0000-000000000001', 'Chocolate Bar', 'SNK-001', 1.000, 12.00, 12.00),
('0f57b557-4029-450a-8904-2f7a017365c1', 'a9a85b9e-2381-4496-b178-23f181f0fb2e', '80000000-0000-0000-0000-000000000004', 'Potato Chips', 'SNK-002', 1.000, 15.00, 15.00),
('150118bd-f372-444b-a951-1b25192fc7ed', '97f4ffd6-55f7-49cb-a9f2-b2a2bad64bbd', '80000000-0000-0000-0000-000000000005', 'Mineral Water 1L', 'DRK-002', 1.000, 8.00, 8.00),
('1652a69b-4c13-4a0c-8b14-6c8fe6920cfa', '6b35d0c3-6203-4f5c-859a-058ff4d5a099', '80000000-0000-0000-0000-000000000001', 'Chocolate Bar', 'SNK-001', 1.000, 12.00, 12.00),
('1957f5ef-d1b6-4c22-aee7-3f87ee52a227', '6967c7f3-0eed-4d81-a18c-ff1c4e17b402', '29b71632-03ea-4c8e-843e-e528c3550b2a', 'Ajoyib ovqat', NULL, 1.000, 100.00, 100.00),
('201f4e2c-e375-426e-9955-2ea21fec6fc4', 'f34b7f4f-9f9c-40bc-aafc-ede81f0f004c', '29b71632-03ea-4c8e-843e-e528c3550b2a', 'Ajoyib ovqat', '1123', 1.000, 1.00, 1.00),
('21ff79be-2273-4e37-847a-5ac5760d5966', '499b406c-485c-482b-9613-6cbaaeb8e712', '80000000-0000-0000-0000-000000000002', 'Cola 1L', 'DRK-001', 1.000, 20.00, 20.00),
('2456d872-fc49-4fc0-97c7-e74b5217ecba', '738c6965-bdff-4fb3-a8a9-363e03a8fed8', '29b71632-03ea-4c8e-843e-e528c3550b2a', 'Ajoyib ovqat', NULL, 3.000, 100.00, 300.00),
('278b5a54-47b4-482f-8286-4a29181b0858', '0ee833d8-dc53-482b-841d-e3a942e5c71a', '29b71632-03ea-4c8e-843e-e528c3550b2a', 'Ajoyib ovqat', '1123', 1.000, 100.00, 100.00),
('2a55932a-59fd-401c-84d8-6ad0c9df0f2c', '1d77158d-45a8-4186-bc3b-beecb4158a22', '80000000-0000-0000-0000-000000000001', 'Chocolate Bar', 'SNK-001', 1.000, 12.00, 12.00),
('2a6480e4-17f0-452d-b8a0-48b95025d66c', 'a9a85b9e-2381-4496-b178-23f181f0fb2e', '80000000-0000-0000-0000-000000000005', 'Mineral Water 1L', 'DRK-002', 1.000, 8.00, 8.00),
('2d5b1017-4795-4fdd-9b9e-902eb9710489', 'f593e178-6e98-4e8a-949a-323c5596886f', '410feb25-c806-4163-8cf2-31efb1106e2d', 'Atirgul', NULL, 1.000, 1200.00, 1200.00),
('30cf5606-ff0c-4fb0-bf2c-965e39ebcfca', '4896506b-2f98-4610-b162-2bbd1523be57', '410feb25-c806-4163-8cf2-31efb1106e2d', 'Atirgul', NULL, 1.000, 1200.00, 1200.00),
('33b68be1-0468-4ca8-96f9-a77f64960531', '738c6965-bdff-4fb3-a8a9-363e03a8fed8', '410feb25-c806-4163-8cf2-31efb1106e2d', 'Atirgul', NULL, 3.000, 1200.00, 3600.00),
('367263d3-4baa-4af7-819c-93d044bdde84', 'a481d22b-d660-479e-82fd-652119bc9932', '80000000-0000-0000-0000-000000000001', 'Chocolate Bar', 'SNK-001', 2.000, 120.00, 240.00),
('3845cf10-f689-46e4-ba65-f631bfcbdb73', '8e2b191b-b5d1-4020-9556-7c272bed4801', '29b71632-03ea-4c8e-843e-e528c3550b2a', 'Ajoyib ovqat', NULL, 1.000, 100.00, 100.00),
('3b6ac943-6c79-4b46-b942-a2c0ca9b83f2', '283882b8-a2ca-41ca-9d13-55253e101354', '80000000-0000-0000-0000-000000000005', 'Mineral Water 1L', 'DRK-002', 1.000, 5600.00, 5600.00),
('40f09358-9461-4af7-ad84-3d243f723888', '9863a8e7-7964-4533-ae86-f488f031953f', '29b71632-03ea-4c8e-843e-e528c3550b2a', 'Ajoyib ovqat', NULL, 1.000, 100.00, 100.00),
('41e47518-eaed-492b-9e5f-6da8e204bbb0', '499b406c-485c-482b-9613-6cbaaeb8e712', '80000000-0000-0000-0000-000000000001', 'Chocolate Bar', 'SNK-001', 1.000, 12.00, 12.00),
('431e7a9e-b1cb-408e-a7b4-523fe89d19a9', 'b039c322-8cb2-4215-b927-b3a2fc98a0b0', '410feb25-c806-4163-8cf2-31efb1106e2d', 'Atirgul', NULL, 1.000, 1200.00, 1200.00),
('4495f3ec-fb85-43e4-ad7a-19716f2cda3f', 'a1215baa-c8ed-4bb2-b04c-ad1d1dfef6ab', '80000000-0000-0000-0000-000000000001', 'Chocolate Bar', 'SNK-001', 1.000, 12.00, 12.00),
('45258634-9f71-468e-aedc-33c7c569e789', '9863a8e7-7964-4533-ae86-f488f031953f', '80000000-0000-0000-0000-000000000001', 'Chocolate Bar', 'SNK-001', 1.000, 12.00, 12.00),
('48591d72-b12c-4448-9d0f-c81f4bc59b63', '1d77158d-45a8-4186-bc3b-beecb4158a22', '29b71632-03ea-4c8e-843e-e528c3550b2a', 'Ajoyib ovqat', '1123', 1.000, 100.00, 100.00),
('49c3d2bc-4e02-4852-9fef-b90060c8ca0d', '8a714344-8601-4208-9d3d-dd79e2d57722', '410feb25-c806-4163-8cf2-31efb1106e2d', 'Atirgul', NULL, 1.000, 1200.00, 1200.00),
('54d10b9b-69a7-4685-929f-b62378f2d1c5', 'd01877db-59f6-4c1e-83c4-fb607df6ac12', '29b71632-03ea-4c8e-843e-e528c3550b2a', 'Ajoyib ovqat', NULL, 1.000, 0.00, 0.00),
('556a9b7d-8c99-41e5-ba91-563b6192648f', '738c6965-bdff-4fb3-a8a9-363e03a8fed8', '80000000-0000-0000-0000-000000000005', 'Mineral Water 1L', 'DRK-002', 1.000, 8.00, 8.00),
('56bf8066-2eff-4cc0-b7d6-21701edad9d5', '00912c9d-10d9-4513-93e8-da97f1cdbb9a', '80000000-0000-0000-0000-000000000002', 'Cola 1L', 'DRK-001', 5.000, 18.00, 90.00),
('5723da50-8be4-4b40-b513-bf565f8cd94f', '499b406c-485c-482b-9613-6cbaaeb8e712', '80000000-0000-0000-0000-000000000005', 'Mineral Water 1L', 'DRK-002', 1.000, 8.00, 8.00),
('5a59df1e-0d6a-424d-a6f5-03eb9afa0205', '738c6965-bdff-4fb3-a8a9-363e03a8fed8', '80000000-0000-0000-0000-000000000002', 'Cola 1L', 'DRK-001', 3.000, 20.00, 60.00),
('5de004aa-91a1-4457-8fa2-154ccc85cd08', 'f7f7eedd-4da0-4861-8237-90d9cbde8820', '80000000-0000-0000-0000-000000000001', 'Chocolate Bar', 'SNK-001', 1.000, 12.00, 12.00),
('64cd3bd5-16a4-4b32-a5fb-4088d022f7f3', '4686638a-bd15-4570-85c4-8f7933005814', '29b71632-03ea-4c8e-843e-e528c3550b2a', 'Ajoyib ovqat', '1123', 4.000, 1.00, 4.00),
('66f8ba34-b292-4c86-b84a-27398c15996e', '48b4b87b-2df0-425d-bb5d-b2dfc1a1b0d7', '80000000-0000-0000-0000-000000000002', 'Cola 1L', 'DRK-001', 6.000, 20.00, 120.00),
('6718ea70-7450-4a77-91e7-b044b03a3f59', 'b039c322-8cb2-4215-b927-b3a2fc98a0b0', '29b71632-03ea-4c8e-843e-e528c3550b2a', 'Ajoyib ovqat', NULL, 1.000, 100.00, 100.00),
('69d58473-7651-4d38-8a97-8b144936c8f6', 'aef606d7-b695-402b-a9e6-1f78f641f089', '80000000-0000-0000-0000-000000000002', 'Cola 1L', 'DRK-001', 6.000, 20.00, 120.00),
('6df464f1-7c53-4b92-8530-47cd94f764d9', '9863a8e7-7964-4533-ae86-f488f031953f', '410feb25-c806-4163-8cf2-31efb1106e2d', 'Atirgul', NULL, 7.000, 1200.00, 8400.00),
('6fae7287-4e5b-4441-9890-be9698275875', '10a0d088-e96e-4032-83e1-f75c4ce3221a', '80000000-0000-0000-0000-000000000002', 'Cola 1L', 'DRK-001', 4.000, 20.00, 80.00),
('73fc9fea-1bfe-4cc0-a2bb-b0c6311b0ea7', '24245048-1513-46bd-84d0-249d6a0b17b4', '29b71632-03ea-4c8e-843e-e528c3550b2a', 'Ajoyib ovqat', NULL, 1.000, 100.00, 100.00),
('78bc9b82-7b01-42a5-af88-2f20acb4a53a', '9b4da771-1d1d-4913-8aa2-8e190c369c9f', '29b71632-03ea-4c8e-843e-e528c3550b2a', 'Ajoyib ovqat', NULL, 1.000, 100.00, 100.00),
('7943747b-e707-4113-add3-06497157d8d2', 'bcc6e3b3-c149-4741-b80b-88747b60b3a2', '80000000-0000-0000-0000-000000000001', 'Chocolate Bar', 'SNK-001', 1.000, 0.00, 0.00),
('7a0f3139-e0ba-4dd5-b0cf-728160847a6e', '842efe3d-c69f-45b8-b545-0cc9fa59601e', '80000000-0000-0000-0000-000000000001', 'Chocolate Bar', 'SNK-001', 1.000, 12.00, 12.00),
('7bf9eebb-d0bc-4458-b979-70d9a3020c87', 'a1215baa-c8ed-4bb2-b04c-ad1d1dfef6ab', '80000000-0000-0000-0000-000000000002', 'Cola 1L', 'DRK-001', 1.000, 20.00, 20.00),
('7e9c0eeb-2fbb-4935-999d-103965e3e1e6', 'bd91eaa1-be3e-4eb6-baa0-7e9969739216', '410feb25-c806-4163-8cf2-31efb1106e2d', 'Atirgul', '122', 1.000, 1200.00, 1200.00),
('82a49854-9f6d-4247-abb2-a7646e72a51c', '00912c9d-10d9-4513-93e8-da97f1cdbb9a', '29b71632-03ea-4c8e-843e-e528c3550b2a', 'Ajoyib ovqat', '1123', 1.000, 1.00, 1.00),
('8567d5bd-8849-421f-a0c6-998b39398bee', '283882b8-a2ca-41ca-9d13-55253e101354', '80000000-0000-0000-0000-000000000001', 'Chocolate Bar', 'SNK-001', 2.000, 12.00, 24.00),
('86c024d0-e09d-43d7-8610-def17f064770', 'f7f7eedd-4da0-4861-8237-90d9cbde8820', '29b71632-03ea-4c8e-843e-e528c3550b2a', 'Ajoyib ovqat', NULL, 1.000, 100.00, 100.00),
('8a82c465-0513-443c-b164-5d3f4c026ff4', '00912c9d-10d9-4513-93e8-da97f1cdbb9a', '80000000-0000-0000-0000-000000000001', 'Chocolate Bar', 'SNK-001', 1.000, 12.00, 12.00),
('8b63b998-a868-4f9e-9926-89cd3564adf8', '738c6965-bdff-4fb3-a8a9-363e03a8fed8', '80000000-0000-0000-0000-000000000003', 'Dish Soap', 'HOU-001', 4.000, 27.50, 110.00),
('90eb5ec9-df1e-4657-90e1-247984e63fef', '738c6965-bdff-4fb3-a8a9-363e03a8fed8', '80000000-0000-0000-0000-000000000001', 'Chocolate Bar', 'SNK-001', 3.000, 12.00, 36.00),
('9a4e2a86-97a5-42f5-bc2b-a9157efda411', 'd01877db-59f6-4c1e-83c4-fb607df6ac12', '410feb25-c806-4163-8cf2-31efb1106e2d', 'Atirgul', NULL, 1.000, 0.00, 0.00),
('9a568d9f-aae7-4c85-9ec0-d39076a375df', 'bcc6e3b3-c149-4741-b80b-88747b60b3a2', '410feb25-c806-4163-8cf2-31efb1106e2d', 'Atirgul', NULL, 1.000, 0.00, 0.00),
('9f2b0eb0-d6c3-4a88-9bcc-a0d077224b91', '97f4ffd6-55f7-49cb-a9f2-b2a2bad64bbd', '80000000-0000-0000-0000-000000000002', 'Cola 1L', 'DRK-001', 1.000, 20.00, 20.00),
('a201f4c8-936f-4895-bbea-f92443be9463', 'bd91eaa1-be3e-4eb6-baa0-7e9969739216', '80000000-0000-0000-0000-000000000003', 'Dish Soap', 'HOU-001', 1.000, 27.50, 27.50),
('a52877ab-5dc8-437c-8208-88ae3855fa6e', 'cc83f333-c03a-4ce5-a73c-4ba77205e176', '718c9049-ff32-45d8-af65-ced8f44fd3a6', 'Romashka', NULL, 20.000, 2500.00, 50000.00),
('a6be9a6b-371a-4924-bbd0-25d82dbf042c', '8a714344-8601-4208-9d3d-dd79e2d57722', '29b71632-03ea-4c8e-843e-e528c3550b2a', 'Ajoyib ovqat', NULL, 1.000, 100.00, 100.00),
('a874761e-92f5-4334-869b-6fdc205bb66f', 'ac18ecf3-7498-448b-a259-2f10b55e6b20', '29b71632-03ea-4c8e-843e-e528c3550b2a', 'Ajoyib ovqat', NULL, 2.000, 100.00, 200.00),
('aa0f4540-6ca7-44ab-858e-aaca4cc0bc07', 'bd91eaa1-be3e-4eb6-baa0-7e9969739216', '80000000-0000-0000-0000-000000000002', 'Cola 1L', 'DRK-001', 1.000, 20.00, 20.00),
('aa1da706-d04c-47fb-b117-2a59f117e299', 'a1215baa-c8ed-4bb2-b04c-ad1d1dfef6ab', '29b71632-03ea-4c8e-843e-e528c3550b2a', 'Ajoyib ovqat', '1123', 1.000, 100.00, 100.00),
('ab93a47b-5bef-42fa-b770-7d8b8587d7b7', '19b91a4f-5cb1-42ab-a4ee-135604bbef00', '80000000-0000-0000-0000-000000000001', 'Chocolate Bar', 'SNK-001', 3.000, 12.00, 36.00),
('ad472d5a-eec4-4b91-b31a-3ffe8f5c89ec', 'ae9a26ad-50e2-4fe1-a194-055cb7cb4b3b', '80000000-0000-0000-0000-000000000004', 'Potato Chips', 'SNK-002', 1.000, 15.00, 15.00),
('b17d72fc-85ac-4f9e-b963-48f1baf54c38', '842efe3d-c69f-45b8-b545-0cc9fa59601e', '29b71632-03ea-4c8e-843e-e528c3550b2a', 'Ajoyib ovqat', NULL, 1.000, 100.00, 100.00),
('b4a4c47c-b9cb-4246-aac3-f639d6bff0a4', '842efe3d-c69f-45b8-b545-0cc9fa59601e', '410feb25-c806-4163-8cf2-31efb1106e2d', 'Atirgul', NULL, 1.000, 1200.00, 1200.00),
('b696b7b4-a2bf-444d-b9a2-540818570a00', 'ac18ecf3-7498-448b-a259-2f10b55e6b20', '80000000-0000-0000-0000-000000000002', 'Cola 1L', 'DRK-001', 4.000, 20.00, 80.00),
('b7e52524-8923-499a-a10c-b4f314ca695d', 'ae9a26ad-50e2-4fe1-a194-055cb7cb4b3b', '80000000-0000-0000-0000-000000000005', 'Mineral Water 1L', 'DRK-002', 1.000, 8.00, 8.00),
('bc83ff42-a0c2-4757-b47b-f950a2ebbaf9', 'a9a85b9e-2381-4496-b178-23f181f0fb2e', '80000000-0000-0000-0000-000000000003', 'Dish Soap', 'HOU-001', 1.000, 27.50, 27.50),
('bdb0373b-d99b-4a54-a7a1-73b1cee0a156', 'a481d22b-d660-479e-82fd-652119bc9932', '29b71632-03ea-4c8e-843e-e528c3550b2a', 'Ajoyib ovqat', '1123', 2.000, 100.00, 200.00),
('bf440d3f-533f-4b74-bda4-f24d2dccfa6e', 'a1215baa-c8ed-4bb2-b04c-ad1d1dfef6ab', '80000000-0000-0000-0000-000000000003', 'Dish Soap', 'HOU-001', 1.000, 27.50, 27.50),
('c010126d-d952-4f49-98a9-eba1c535b399', 'c342e99e-c1d4-4f44-a958-e7ea30514144', '29b71632-03ea-4c8e-843e-e528c3550b2a', 'Ajoyib ovqat', '1123', 1.000, 100.00, 100.00),
('c10c4a3f-5145-4be6-a779-c307d6467dc6', '32620f5a-829f-4c25-817f-2de3e1d1492f', '29b71632-03ea-4c8e-843e-e528c3550b2a', 'Ajoyib ovqat', '1123', 3.000, 1.00, 3.00),
('c6712f1c-ec52-4098-9cfd-8444f398bb35', '8e2b191b-b5d1-4020-9556-7c272bed4801', '410feb25-c806-4163-8cf2-31efb1106e2d', 'Atirgul', NULL, 1.000, 1200.00, 1200.00),
('c99d9919-9d1c-464e-9b37-72211321ce50', '0ee833d8-dc53-482b-841d-e3a942e5c71a', '410feb25-c806-4163-8cf2-31efb1106e2d', 'Atirgul', '122', 1.000, 1200.00, 1200.00),
('c9d99663-f797-486b-87e4-d8705a744907', '6b35d0c3-6203-4f5c-859a-058ff4d5a099', '29b71632-03ea-4c8e-843e-e528c3550b2a', 'Ajoyib ovqat', '1123', 1.000, 1.00, 1.00),
('ce271a36-da38-479e-a41b-35d7e666e219', 'aef606d7-b695-402b-a9e6-1f78f641f089', '80000000-0000-0000-0000-000000000005', 'Mineral Water 1L', 'DRK-002', 4.000, 8.00, 32.00),
('ce2868cf-d5aa-498c-a211-ae42fc5116df', 'bd91eaa1-be3e-4eb6-baa0-7e9969739216', '29b71632-03ea-4c8e-843e-e528c3550b2a', 'Ajoyib ovqat', '1123', 1.000, 100.00, 100.00),
('ce7a0b37-00f3-41ea-8d80-c5aa837e74b6', '9b4da771-1d1d-4913-8aa2-8e190c369c9f', '410feb25-c806-4163-8cf2-31efb1106e2d', 'Atirgul', NULL, 2.000, 1200.00, 2400.00),
('cf0fbb0b-9b70-4e64-872c-a03d5f40182d', '19b91a4f-5cb1-42ab-a4ee-135604bbef00', '410feb25-c806-4163-8cf2-31efb1106e2d', 'Atirgul', NULL, 1.000, 1200.00, 1200.00),
('d016dd86-3c52-4c38-9154-8f570ae317de', '6967c7f3-0eed-4d81-a18c-ff1c4e17b402', '80000000-0000-0000-0000-000000000001', 'Chocolate Bar', 'SNK-001', 1.000, 12.00, 12.00),
('d609b25b-8d72-4521-b130-dadba03fcf44', '4686638a-bd15-4570-85c4-8f7933005814', '80000000-0000-0000-0000-000000000001', 'Chocolate Bar', 'SNK-001', 3.000, 233000.00, 699000.00),
('d7dee1ed-dd5d-4291-a4f0-b4a657feb211', '10a0d088-e96e-4032-83e1-f75c4ce3221a', '80000000-0000-0000-0000-000000000003', 'Dish Soap', 'HOU-001', 1.000, 27.50, 27.50),
('d7e94427-103d-4c67-be96-0743ea327b34', 'bcc6e3b3-c149-4741-b80b-88747b60b3a2', '29b71632-03ea-4c8e-843e-e528c3550b2a', 'Ajoyib ovqat', NULL, 2.000, 12.00, 24.00),
('dce259c6-8b79-485b-a63a-d868219e722e', 'a9a85b9e-2381-4496-b178-23f181f0fb2e', '80000000-0000-0000-0000-000000000002', 'Cola 1L', 'DRK-001', 1.000, 18.00, 18.00),
('e0740d44-126f-42e0-8479-8f4e4e0872c3', '127e62e1-ec7d-4463-984e-337160e754c7', '80000000-0000-0000-0000-000000000002', 'Cola 1L', 'DRK-001', 11.000, 18.00, 198.00),
('e0fbe4f3-519f-406d-83cb-ab3ae0f866d5', 'a9a85b9e-2381-4496-b178-23f181f0fb2e', '80000000-0000-0000-0000-000000000001', 'Chocolate Bar', 'SNK-001', 1.000, 12.00, 12.00),
('e32b1ef7-2b02-4f67-a91e-3dad15ecd60f', '499b406c-485c-482b-9613-6cbaaeb8e712', '80000000-0000-0000-0000-000000000004', 'Potato Chips', 'SNK-002', 4.000, 15.00, 60.00),
('e3980c70-3ea6-41f5-8366-2ac04dc84db1', '10a0d088-e96e-4032-83e1-f75c4ce3221a', '80000000-0000-0000-0000-000000000001', 'Chocolate Bar', 'SNK-001', 1.000, 12.00, 12.00),
('e52937f9-5adb-43b0-bfa1-95b2a9c836f7', '499b406c-485c-482b-9613-6cbaaeb8e712', '80000000-0000-0000-0000-000000000003', 'Dish Soap', 'HOU-001', 3.000, 27.50, 82.50),
('e8e8e5e1-f400-437a-a90e-d98bea77853b', '10a0d088-e96e-4032-83e1-f75c4ce3221a', '29b71632-03ea-4c8e-843e-e528c3550b2a', 'Ajoyib ovqat', '1123', 1.000, 100.00, 100.00),
('e9086c5a-ae71-463c-a822-b6c358e897e7', 'f593e178-6e98-4e8a-949a-323c5596886f', '80000000-0000-0000-0000-000000000001', 'Chocolate Bar', 'SNK-001', 1.000, 12.00, 12.00),
('e9cdc458-8668-4bfc-a1d9-25fb8a69175c', 'a9a85b9e-2381-4496-b178-23f181f0fb2e', '29b71632-03ea-4c8e-843e-e528c3550b2a', 'Ajoyib ovqat', '1123', 1.000, 1.00, 1.00),
('ed4d1ce6-0f3d-4fc9-8a47-437b53f17e61', 'a1215baa-c8ed-4bb2-b04c-ad1d1dfef6ab', '80000000-0000-0000-0000-000000000005', 'Mineral Water 1L', 'DRK-002', 1.000, 8.00, 8.00),
('ee1b877e-ba65-45f8-9306-aab50599bb51', '8e994ebc-f6f9-41d1-a69c-3b081024ec6d', '29b71632-03ea-4c8e-843e-e528c3550b2a', 'Ajoyib ovqat', '1123', 1.000, 100.00, 100.00),
('f005fa52-bfbd-449e-9a4b-12509a27b5c8', 'f7f7eedd-4da0-4861-8237-90d9cbde8820', '410feb25-c806-4163-8cf2-31efb1106e2d', 'Atirgul', NULL, 1.000, 1200.00, 1200.00),
('f1d658b9-82bc-47ca-a7fd-5d6472c53f23', '6b35d0c3-6203-4f5c-859a-058ff4d5a099', '80000000-0000-0000-0000-000000000002', 'Cola 1L', 'DRK-001', 8.000, 18.00, 144.00),
('f2e7e571-b12b-4bae-b82e-24f28950dd0b', '6967c7f3-0eed-4d81-a18c-ff1c4e17b402', '410feb25-c806-4163-8cf2-31efb1106e2d', 'Atirgul', NULL, 1.000, 1200.00, 1200.00),
('f43c70f6-cd16-41a3-aded-03ffa7b30897', '32620f5a-829f-4c25-817f-2de3e1d1492f', '80000000-0000-0000-0000-000000000001', 'Chocolate Bar', 'SNK-001', 4.000, 12.00, 48.00),
('f6adbcf9-0a2b-408d-b3ee-288b18054a90', '283882b8-a2ca-41ca-9d13-55253e101354', '29b71632-03ea-4c8e-843e-e528c3550b2a', 'Ajoyib ovqat', '1123', 8.000, 1.00, 8.00),
('f6ce102a-c47a-4733-a2d4-a8676c64d5eb', '6b35d0c3-6203-4f5c-859a-058ff4d5a099', '80000000-0000-0000-0000-000000000003', 'Dish Soap', 'HOU-001', 6.000, 27.50, 165.00),
('f8e83da0-b355-4ec1-8111-28acc8f08eab', '6df2f989-90dd-4629-a4bc-66d1436f1933', '80000000-0000-0000-0000-000000000002', 'Cola 1L', 'DRK-001', 3.000, 20.00, 60.00),
('fe9dcc53-3ac0-4453-aba7-f6b1ce91b223', 'c342e99e-c1d4-4f44-a958-e7ea30514144', '410feb25-c806-4163-8cf2-31efb1106e2d', 'Atirgul', '122', 1.000, 1200.00, 1200.00),
('fecaaa74-c471-430d-a1b8-943f1c5849af', 'f593e178-6e98-4e8a-949a-323c5596886f', '80000000-0000-0000-0000-000000000002', 'Cola 1L', 'DRK-001', 1.000, 20.00, 20.00);

-- --------------------------------------------------------

--
-- Table structure for table `minishop_sale_payments`
--

CREATE TABLE `minishop_sale_payments` (
  `id` char(36) COLLATE utf8mb4_unicode_ci NOT NULL,
  `sale_id` char(36) COLLATE utf8mb4_unicode_ci NOT NULL,
  `created_by` char(36) COLLATE utf8mb4_unicode_ci DEFAULT NULL,
  `currency_code` char(3) COLLATE utf8mb4_unicode_ci NOT NULL,
  `amount` decimal(15,2) NOT NULL,
  `payment_method` enum('cash','card') COLLATE utf8mb4_unicode_ci NOT NULL DEFAULT 'cash',
  `paid_at` datetime NOT NULL,
  `note` varchar(255) COLLATE utf8mb4_unicode_ci DEFAULT NULL,
  `created_at` datetime NOT NULL DEFAULT CURRENT_TIMESTAMP
) ENGINE=InnoDB DEFAULT CHARSET=utf8mb4 COLLATE=utf8mb4_unicode_ci;

--
-- Dumping data for table `minishop_sale_payments`
--

INSERT INTO `minishop_sale_payments` (`id`, `sale_id`, `created_by`, `currency_code`, `amount`, `payment_method`, `paid_at`, `note`, `created_at`) VALUES
('0e760a98-4451-473c-a614-2050095b3839', '24245048-1513-46bd-84d0-249d6a0b17b4', '11111111-1111-1111-1111-111111111111', 'UZS', 100.00, 'cash', '2026-05-23 17:48:00', NULL, '2026-05-23 12:48:00'),
('104a26a3-0303-4176-a552-7692f268a4f5', '19b91a4f-5cb1-42ab-a4ee-135604bbef00', '11111111-1111-1111-1111-111111111111', 'UZS', 1200.00, 'cash', '2026-05-22 17:35:31', NULL, '2026-05-22 12:35:31'),
('1113cb41-403b-4045-b703-9005059dec4d', '842efe3d-c69f-45b8-b545-0cc9fa59601e', '11111111-1111-1111-1111-111111111111', 'UZS', 1312.00, 'card', '2026-05-22 19:47:58', NULL, '2026-05-22 14:47:58'),
('12017519-ba3f-4fa6-9e5b-1b4c97813d50', 'ac18ecf3-7498-448b-a259-2f10b55e6b20', '11111111-1111-1111-1111-111111111111', 'UZS', 70.00, 'card', '2026-05-23 15:45:30', NULL, '2026-05-23 10:45:30'),
('1a1c88f4-c478-4b8a-a0fb-fed07bcac1d8', '9863a8e7-7964-4533-ae86-f488f031953f', '11111111-1111-1111-1111-111111111111', 'UZS', 8411.00, 'cash', '2026-05-23 17:40:40', NULL, '2026-05-23 12:40:40'),
('207162ee-2896-4fdf-8bfa-fb38be70eebe', '8a714344-8601-4208-9d3d-dd79e2d57722', '11111111-1111-1111-1111-111111111111', 'UZS', 1000.00, 'card', '2026-05-23 18:42:12', NULL, '2026-05-23 13:42:12'),
('2187d7ae-17e7-4e7a-81c1-94d0d95f94df', '9b4da771-1d1d-4913-8aa2-8e190c369c9f', '11111111-1111-1111-1111-111111111111', 'UZS', 2000.00, 'cash', '2026-05-23 18:36:18', NULL, '2026-05-23 13:36:18'),
('2212fc0b-6c09-472b-9ea4-d085de1a26fb', '6df2f989-90dd-4629-a4bc-66d1436f1933', '11111111-1111-1111-1111-111111111111', 'UZS', 72.00, 'cash', '2026-05-23 18:04:37', NULL, '2026-05-23 13:04:37'),
('3c2aa32f-21c5-4285-bc2a-23b69bf7af0c', 'cc83f333-c03a-4ce5-a73c-4ba77205e176', '11111111-1111-1111-1111-111111111111', 'UZS', 50000.00, 'cash', '2026-05-23 18:39:45', NULL, '2026-05-23 13:39:45'),
('40370c4e-0829-4e39-9ecf-5be145beb5ee', 'ac18ecf3-7498-448b-a259-2f10b55e6b20', '11111111-1111-1111-1111-111111111111', 'UZS', 200.00, 'cash', '2026-05-23 15:44:41', NULL, '2026-05-23 10:44:41'),
('47a86903-2c64-4e6d-a078-e2e96cc4a7d1', '4896506b-2f98-4610-b162-2bbd1523be57', '11111111-1111-1111-1111-111111111111', 'UZS', 1150.00, 'cash', '2026-05-22 14:28:37', NULL, '2026-05-22 14:28:37'),
('4a288013-e902-4448-9165-d0c12be984ce', 'b039c322-8cb2-4215-b927-b3a2fc98a0b0', '11111111-1111-1111-1111-111111111111', 'UZS', 1300.00, 'cash', '2026-05-23 17:59:34', NULL, '2026-05-23 12:59:34'),
('596e3418-205b-4f12-bdbb-e90223bb16d5', '0ee833d8-dc53-482b-841d-e3a942e5c71a', '11111111-1111-1111-1111-111111111111', 'UZS', 100.00, 'card', '2026-05-23 16:59:49', NULL, '2026-05-23 11:59:49'),
('5ff4b7da-4377-4a42-80b2-27ff115ac5f1', '738c6965-bdff-4fb3-a8a9-363e03a8fed8', '11111111-1111-1111-1111-111111111111', 'UZS', 4114.00, 'cash', '2026-05-23 18:46:21', NULL, '2026-05-23 13:46:21'),
('61d00342-ff60-4de1-8847-66ee6e0e4641', '499b406c-485c-482b-9613-6cbaaeb8e712', '11111111-1111-1111-1111-111111111111', 'UZS', 180.00, 'card', '2026-05-23 18:50:39', NULL, '2026-05-23 13:50:39'),
('691e5cf4-b2f5-4909-b7e4-a5489c9e9589', 'f7f7eedd-4da0-4861-8237-90d9cbde8820', '11111111-1111-1111-1111-111111111111', 'UZS', 1312.00, 'cash', '2026-05-22 20:37:53', NULL, '2026-05-22 15:37:53'),
('6fb87d2f-8500-4a3d-99b4-52cfdf1ca1ad', '0ee833d8-dc53-482b-841d-e3a942e5c71a', '11111111-1111-1111-1111-111111111111', 'UZS', 500.00, 'card', '2026-05-22 20:25:17', NULL, '2026-05-22 15:25:17'),
('8a0706fe-2fef-4e29-892f-f0aeb06a0217', '8e2b191b-b5d1-4020-9556-7c272bed4801', '11111111-1111-1111-1111-111111111111', 'UZS', 1300.00, 'cash', '2026-05-23 17:54:58', NULL, '2026-05-23 12:54:58'),
('8fe3335c-11f0-4b20-878f-8fec7b0815d0', '6967c7f3-0eed-4d81-a18c-ff1c4e17b402', '11111111-1111-1111-1111-111111111111', 'UZS', 1312.00, 'cash', '2026-05-23 18:08:18', NULL, '2026-05-23 13:08:18'),
('8ff46161-c3fe-4f99-850c-2eb449f612cd', 'f593e178-6e98-4e8a-949a-323c5596886f', '11111111-1111-1111-1111-111111111111', 'UZS', 1232.00, 'cash', '2026-05-22 20:38:00', NULL, '2026-05-22 15:38:00'),
('90b01509-412b-4d1d-8852-79c00012069c', '0ee833d8-dc53-482b-841d-e3a942e5c71a', '11111111-1111-1111-1111-111111111111', 'UZS', 400.00, 'cash', '2026-05-22 20:26:10', NULL, '2026-05-22 15:26:10');

-- --------------------------------------------------------

--
-- Table structure for table `notes`
--

CREATE TABLE `notes` (
  `id` char(36) COLLATE utf8mb4_unicode_ci NOT NULL,
  `book_id` char(36) COLLATE utf8mb4_unicode_ci NOT NULL,
  `created_by` char(36) COLLATE utf8mb4_unicode_ci DEFAULT NULL,
  `title` varchar(255) COLLATE utf8mb4_unicode_ci DEFAULT NULL,
  `content` longtext COLLATE utf8mb4_unicode_ci,
  `color` varchar(20) CHARACTER SET utf8mb4 COLLATE utf8mb4_unicode_ci DEFAULT NULL,
  `position` int NOT NULL DEFAULT '0',
  `is_pinned` tinyint(1) NOT NULL DEFAULT '0',
  `is_archived` tinyint(1) NOT NULL DEFAULT '0',
  `created_at` datetime DEFAULT CURRENT_TIMESTAMP,
  `updated_at` datetime DEFAULT CURRENT_TIMESTAMP ON UPDATE CURRENT_TIMESTAMP,
  `deleted_at` datetime DEFAULT NULL
) ENGINE=InnoDB DEFAULT CHARSET=utf8mb4 COLLATE=utf8mb4_unicode_ci;

--
-- Dumping data for table `notes`
--

INSERT INTO `notes` (`id`, `book_id`, `created_by`, `title`, `content`, `color`, `position`, `is_pinned`, `is_archived`, `created_at`, `updated_at`, `deleted_at`) VALUES
('0efafaaa-9804-4afb-bb7b-6754cdeaed8b', 'aaaaaaa1-aaaa-aaaa-aaaa-aaaaaaaaaaa1', '11111111-1111-1111-1111-111111111111', 'asdas', 'asd', NULL, 0, 0, 1, '2026-05-14 10:35:47', '2026-05-17 06:52:46', NULL),
('15f35311-7c8a-4986-8504-a0e1bd487515', 'aaaaaaa1-aaaa-aaaa-aaaa-aaaaaaaaaaa1', '11111111-1111-1111-1111-111111111111', 'Salom', NULL, 'red', 0, 0, 0, '2026-05-22 10:25:15', '2026-05-23 15:23:21', NULL),
('2d5f52c2-1431-4385-ae25-b49f2a01c5ea', 'aaaaaaa1-aaaa-aaaa-aaaa-aaaaaaaaaaa1', '11111111-1111-1111-1111-111111111111', 'asdasd', 'asdasd', NULL, 0, 0, 0, '2026-05-14 09:43:55', '2026-05-14 09:45:06', '2026-05-14 09:45:06'),
('33559f42-e273-401e-b0e1-fa4c556db348', 'aaaaaaa1-aaaa-aaaa-aaaa-aaaaaaaaaaa1', '11111111-1111-1111-1111-111111111111', 'Urrraaaa', 'asdasd', NULL, 0, 0, 0, '2026-05-17 06:51:19', '2026-05-17 12:32:15', NULL),
('3e6bbf8e-eacc-4beb-8fdf-074e5bb04a82', 'aaaaaaa1-aaaa-aaaa-aaaa-aaaaaaaaaaa1', '11111111-1111-1111-1111-111111111111', NULL, 'asda', 'red', 0, 1, 0, '2026-05-14 09:44:59', '2026-05-14 13:07:15', '2026-05-14 13:07:15'),
('5ccc239d-0587-4d1e-a10c-c9722920f584', 'aaaaaaa1-aaaa-aaaa-aaaa-aaaaaaaaaaa1', '11111111-1111-1111-1111-111111111111', 'sasdasd', 'asd', 'blue', 0, 1, 1, '2026-05-14 10:35:44', '2026-05-14 13:07:00', NULL),
('622d2ba0-7e6d-4fc7-ba3a-e63048dfa51c', 'aaaaaaa1-aaaa-aaaa-aaaa-aaaaaaaaaaa1', '11111111-1111-1111-1111-111111111111', 'fdsfsdf', NULL, 'green', 0, 0, 1, '2026-05-14 10:36:02', '2026-05-22 10:24:51', NULL),
('74fe33d2-fd94-41db-960f-009a1918b0d4', 'aaaaaaa1-aaaa-aaaa-aaaa-aaaaaaaaaaa1', '11111111-1111-1111-1111-111111111111', 'sdfsdf', NULL, 'white', 0, 0, 0, '2026-05-22 10:26:22', '2026-05-22 10:26:22', NULL),
('7935212c-99fe-4d93-8733-26abc47c5870', 'aaaaaaa1-aaaa-aaaa-aaaa-aaaaaaaaaaa1', '11111111-1111-1111-1111-111111111111', 'Ajoyib odam', 'aadsadasd\nikkinchi qatorSearch from thousands of royalty-free \"Colorful Emoji\" stock images and video for your next project. Download royalty-free stock photos, vectorsSearch from thousands of royalty-free \"Colorful Emoji\" stock images and video for your next project. Download royalty-free stock photos, vectorsSearch from thousands of royalty-free \"Colorful Emoji\" stock images and video for your next project. Download royalty-free stock photos, vectors', 'blue', 0, 0, 0, '2026-05-22 09:33:38', '2026-05-22 09:50:57', NULL),
('9291a294-0d4a-4951-bffb-7516fd8ec707', 'aaaaaaa1-aaaa-aaaa-aaaa-aaaaaaaaaaa1', '11111111-1111-1111-1111-111111111111', 'sadasd', 'asd', 'yellow', 0, 0, 0, '2026-05-14 09:44:03', '2026-05-22 10:26:33', NULL),
('9b3f9825-bd88-4b96-822b-8c53f3a85e22', 'aaaaaaa1-aaaa-aaaa-aaaa-aaaaaaaaaaa1', '11111111-1111-1111-1111-111111111111', NULL, 'asdasd', 'yellow', 0, 0, 1, '2026-05-14 10:35:50', '2026-05-22 10:24:45', NULL),
('9fdbed20-fefa-424a-b2ae-5f525e9eb16d', 'aaaaaaa1-aaaa-aaaa-aaaa-aaaaaaaaaaa1', '11111111-1111-1111-1111-111111111111', '22222 sdddd', 'dd', 'yellow', 0, 0, 1, '2026-05-22 10:26:29', '2026-05-22 10:26:36', NULL),
('a15c3010-c442-4f95-9c4a-9c823a4bc03e', 'aaaaaaa1-aaaa-aaaa-aaaa-aaaaaaaaaaa1', '11111111-1111-1111-1111-111111111111', NULL, 'asdasd', 'red', 0, 0, 0, '2026-05-22 09:29:16', '2026-05-22 09:51:00', NULL),
('cf1c8ae2-d42d-4c7b-befb-69c1daca6e2f', 'aaaaaaa1-aaaa-aaaa-aaaa-aaaaaaaaaaa1', '11111111-1111-1111-1111-111111111111', 'asdasd', NULL, 'blue', 0, 1, 0, '2026-05-22 09:28:16', '2026-05-22 09:28:21', '2026-05-22 09:28:21'),
('e0d42d4e-f564-4c3f-b021-34fe65469f55', 'aaaaaaa1-aaaa-aaaa-aaaa-aaaaaaaaaaa1', '11111111-1111-1111-1111-111111111111', NULL, 'sd', 'purple', 0, 0, 0, '2026-05-22 10:29:10', '2026-05-22 10:29:10', NULL),
('e18ced87-df60-40fd-8703-a7a275b67ac4', 'aaaaaaa1-aaaa-aaaa-aaaa-aaaaaaaaaaa1', '11111111-1111-1111-1111-111111111111', '111', 'sasadasd', 'white', 0, 0, 0, '2026-05-22 09:09:00', '2026-05-22 10:27:34', NULL),
('f7f5838e-8c41-4b03-8abe-851d76f1fb09', 'aaaaaaa1-aaaa-aaaa-aaaa-aaaaaaaaaaa1', '11111111-1111-1111-1111-111111111111', 'Salom', 'Urra', NULL, 0, 0, 1, '2026-05-14 09:43:22', '2026-05-14 09:43:59', NULL),
('ffce4541-88cb-4210-b117-241ab0c60b55', 'aaaaaaa1-aaaa-aaaa-aaaa-aaaaaaaaaaa1', '11111111-1111-1111-1111-111111111111', 'sdfsdf', 'dsdf', 'yellow', 0, 1, 0, '2026-05-22 10:26:14', '2026-05-23 10:41:03', NULL);

-- --------------------------------------------------------

--
-- Table structure for table `password_reset_tokens`
--

CREATE TABLE `password_reset_tokens` (
  `id` char(36) COLLATE utf8mb4_unicode_ci NOT NULL,
  `user_id` char(36) COLLATE utf8mb4_unicode_ci NOT NULL,
  `token_hash` varchar(255) COLLATE utf8mb4_unicode_ci NOT NULL,
  `expires_at` datetime NOT NULL,
  `used_at` datetime DEFAULT NULL,
  `created_at` datetime NOT NULL DEFAULT CURRENT_TIMESTAMP
) ENGINE=InnoDB DEFAULT CHARSET=utf8mb4 COLLATE=utf8mb4_unicode_ci;

-- --------------------------------------------------------

--
-- Table structure for table `todos`
--

CREATE TABLE `todos` (
  `id` char(36) COLLATE utf8mb4_unicode_ci NOT NULL,
  `book_id` char(36) COLLATE utf8mb4_unicode_ci NOT NULL,
  `created_by` char(36) COLLATE utf8mb4_unicode_ci DEFAULT NULL,
  `parent_id` char(36) COLLATE utf8mb4_unicode_ci DEFAULT NULL,
  `title` varchar(255) COLLATE utf8mb4_unicode_ci NOT NULL,
  `description` text COLLATE utf8mb4_unicode_ci,
  `priority` enum('low','medium','high') COLLATE utf8mb4_unicode_ci NOT NULL DEFAULT 'medium',
  `is_completed` tinyint(1) NOT NULL DEFAULT '0',
  `due_at` datetime DEFAULT NULL,
  `completed_at` datetime DEFAULT NULL,
  `position` int NOT NULL DEFAULT '0',
  `created_at` datetime NOT NULL DEFAULT CURRENT_TIMESTAMP,
  `updated_at` datetime NOT NULL DEFAULT CURRENT_TIMESTAMP ON UPDATE CURRENT_TIMESTAMP,
  `deleted_at` datetime DEFAULT NULL
) ENGINE=InnoDB DEFAULT CHARSET=utf8mb4 COLLATE=utf8mb4_unicode_ci;

-- --------------------------------------------------------

--
-- Table structure for table `users`
--

CREATE TABLE `users` (
  `id` char(36) COLLATE utf8mb4_unicode_ci NOT NULL,
  `default_book_id` char(36) COLLATE utf8mb4_unicode_ci DEFAULT NULL,
  `name` varchar(255) COLLATE utf8mb4_unicode_ci DEFAULT NULL,
  `email` varchar(255) COLLATE utf8mb4_unicode_ci NOT NULL,
  `phone` varchar(50) COLLATE utf8mb4_unicode_ci DEFAULT NULL,
  `country_name` varchar(100) COLLATE utf8mb4_unicode_ci DEFAULT NULL,
  `country_code` varchar(10) COLLATE utf8mb4_unicode_ci DEFAULT NULL,
  `city` varchar(100) COLLATE utf8mb4_unicode_ci DEFAULT NULL,
  `timezone` varchar(50) COLLATE utf8mb4_unicode_ci DEFAULT NULL,
  `date_of_birth` date DEFAULT NULL,
  `email_verified_at` datetime DEFAULT NULL,
  `password_hash` varchar(255) COLLATE utf8mb4_unicode_ci DEFAULT NULL,
  `google_id` varchar(255) COLLATE utf8mb4_unicode_ci DEFAULT NULL,
  `avatar` varchar(255) COLLATE utf8mb4_unicode_ci DEFAULT NULL,
  `locale` varchar(10) COLLATE utf8mb4_unicode_ci NOT NULL DEFAULT 'en',
  `status` enum('active','blocked') COLLATE utf8mb4_unicode_ci NOT NULL DEFAULT 'active',
  `last_login_at` datetime DEFAULT NULL,
  `plan` enum('free','monthly','yearly') COLLATE utf8mb4_unicode_ci NOT NULL DEFAULT 'free',
  `license_expires_at` datetime DEFAULT NULL,
  `created_at` datetime NOT NULL DEFAULT CURRENT_TIMESTAMP,
  `updated_at` datetime NOT NULL DEFAULT CURRENT_TIMESTAMP ON UPDATE CURRENT_TIMESTAMP,
  `deleted_at` datetime DEFAULT NULL
) ENGINE=InnoDB DEFAULT CHARSET=utf8mb4 COLLATE=utf8mb4_unicode_ci;

--
-- Dumping data for table `users`
--

INSERT INTO `users` (`id`, `default_book_id`, `name`, `email`, `phone`, `country_name`, `country_code`, `city`, `timezone`, `date_of_birth`, `email_verified_at`, `password_hash`, `google_id`, `avatar`, `locale`, `status`, `last_login_at`, `plan`, `license_expires_at`, `created_at`, `updated_at`, `deleted_at`) VALUES
('11111111-1111-1111-1111-111111111111', 'aaaaaaa1-aaaa-aaaa-aaaa-aaaaaaaaaaa1', 'Muslimbek VD', 'vosidiy@gmail.com', '+998946875461', 'Uzbekistan', 'UZ', 'Tashkent', 'Asia/Tashkent', NULL, '2026-05-11 20:52:13', '$2y$10$IeDce2Wh1snpcmmg3ZdpPeKC9vwbQcDZBkvmBR/MiN0vWC2xKPoUy', NULL, NULL, 'en', 'active', '2026-05-23 10:40:45', 'free', NULL, '2026-05-11 20:52:13', '2026-05-23 15:40:45', NULL),
('22222222-2222-2222-2222-222222222222', 'bbbbbbb1-bbbb-bbbb-bbbb-bbbbbbbbbbb1', 'Malika Karimova', 'test@example.com', NULL, 'Uzbekistan', 'UZ', 'Samarkand', 'Asia/Tashkent', NULL, '2026-05-11 20:52:13', '$2a$12$zUU8F9/PAkRTMbqIlzsMCesPJJ6bVKAlhIDOHgBfJ3dR07rJ468SW', NULL, NULL, 'en', 'active', '2026-05-17 07:18:36', 'free', NULL, '2026-05-11 20:52:13', '2026-05-17 12:18:36', NULL),
('33333333-3333-3333-3333-333333333333', 'ccccccc1-cccc-cccc-cccc-ccccccccccc1', 'Jasur Rahimov', 'demo@example.com', NULL, 'Uzbekistan', 'UZ', 'Bukhara', 'Asia/Tashkent', NULL, '2026-05-11 20:52:13', '$2a$12$zUU8F9/PAkRTMbqIlzsMCesPJJ6bVKAlhIDOHgBfJ3dR07rJ468SW', NULL, NULL, 'en', 'active', '2026-05-17 07:18:37', 'free', NULL, '2026-05-11 20:52:13', '2026-05-17 12:18:37', NULL);

-- --------------------------------------------------------

--
-- Table structure for table `user_email_verifications`
--

CREATE TABLE `user_email_verifications` (
  `id` char(36) COLLATE utf8mb4_unicode_ci NOT NULL,
  `user_id` char(36) COLLATE utf8mb4_unicode_ci NOT NULL,
  `code` varchar(10) COLLATE utf8mb4_unicode_ci NOT NULL,
  `expires_at` datetime NOT NULL,
  `used_at` datetime DEFAULT NULL,
  `created_at` datetime NOT NULL DEFAULT CURRENT_TIMESTAMP
) ENGINE=InnoDB DEFAULT CHARSET=utf8mb4 COLLATE=utf8mb4_unicode_ci;

--
-- Indexes for dumped tables
--

--
-- Indexes for table `books`
--
ALTER TABLE `books`
  ADD PRIMARY KEY (`id`),
  ADD KEY `idx_books_user_id` (`user_id`),
  ADD KEY `idx_books_type_key` (`type_key`),
  ADD KEY `idx_books_user_archived` (`user_id`,`is_archived`);

--
-- Indexes for table `book_types`
--
ALTER TABLE `book_types`
  ADD PRIMARY KEY (`type_key`);

--
-- Indexes for table `ci_sessions`
--
ALTER TABLE `ci_sessions`
  ADD PRIMARY KEY (`id`),
  ADD KEY `ci_sessions_timestamp` (`timestamp`);

--
-- Indexes for table `finance_categories`
--
ALTER TABLE `finance_categories`
  ADD PRIMARY KEY (`id`),
  ADD KEY `idx_finance_categories_book_id` (`book_id`),
  ADD KEY `idx_finance_categories_book_type` (`book_id`,`type`),
  ADD KEY `idx_finance_categories_created_by` (`created_by`);

--
-- Indexes for table `finance_transactions`
--
ALTER TABLE `finance_transactions`
  ADD PRIMARY KEY (`id`),
  ADD KEY `idx_finance_transactions_book_id` (`book_id`),
  ADD KEY `idx_finance_transactions_category_id` (`category_id`),
  ADD KEY `idx_finance_transactions_book_date` (`book_id`,`transaction_date`),
  ADD KEY `idx_finance_transactions_book_type` (`book_id`,`type`),
  ADD KEY `idx_finance_transactions_created_by` (`created_by`);

--
-- Indexes for table `minishop_categories`
--
ALTER TABLE `minishop_categories`
  ADD PRIMARY KEY (`id`),
  ADD KEY `idx_minishop_categories_book_id` (`book_id`),
  ADD KEY `idx_minishop_categories_created_by` (`created_by`),
  ADD KEY `idx_minishop_categories_book_deleted` (`book_id`,`deleted_at`),
  ADD KEY `idx_minishop_categories_book_sort` (`book_id`,`sort_order`);

--
-- Indexes for table `minishop_customers`
--
ALTER TABLE `minishop_customers`
  ADD PRIMARY KEY (`id`),
  ADD KEY `idx_minishop_customers_book_id` (`book_id`),
  ADD KEY `idx_minishop_customers_created_by` (`created_by`),
  ADD KEY `idx_minishop_customers_book_deleted` (`book_id`,`deleted_at`),
  ADD KEY `idx_minishop_customers_book_reminder` (`book_id`,`reminder_at`),
  ADD KEY `idx_minishop_customers_book_phone` (`book_id`,`phone`);

--
-- Indexes for table `minishop_products`
--
ALTER TABLE `minishop_products`
  ADD PRIMARY KEY (`id`),
  ADD KEY `idx_minishop_products_book_id` (`book_id`),
  ADD KEY `idx_minishop_products_created_by` (`created_by`),
  ADD KEY `idx_minishop_products_category_id` (`category_id`),
  ADD KEY `idx_minishop_products_book_category` (`book_id`,`category_id`),
  ADD KEY `idx_minishop_products_book_active` (`book_id`,`is_active`),
  ADD KEY `idx_minishop_products_book_deleted` (`book_id`,`deleted_at`),
  ADD KEY `idx_minishop_products_book_quantity` (`book_id`,`quantity`);

--
-- Indexes for table `minishop_sales`
--
ALTER TABLE `minishop_sales`
  ADD PRIMARY KEY (`id`),
  ADD KEY `idx_minishop_sales_book_id` (`book_id`),
  ADD KEY `idx_minishop_sales_created_by` (`created_by`),
  ADD KEY `idx_minishop_sales_customer_id` (`customer_id`),
  ADD KEY `idx_minishop_sales_book_sold_at` (`book_id`,`sold_at`),
  ADD KEY `idx_minishop_sales_book_customer` (`book_id`,`customer_id`),
  ADD KEY `idx_minishop_sales_book_payment_status` (`book_id`,`payment_status`),
  ADD KEY `idx_minishop_sales_book_deleted` (`book_id`,`deleted_at`);

--
-- Indexes for table `minishop_sale_items`
--
ALTER TABLE `minishop_sale_items`
  ADD PRIMARY KEY (`id`),
  ADD KEY `idx_minishop_sale_items_sale_id` (`sale_id`),
  ADD KEY `idx_minishop_sale_items_product_id` (`product_id`);

--
-- Indexes for table `minishop_sale_payments`
--
ALTER TABLE `minishop_sale_payments`
  ADD PRIMARY KEY (`id`),
  ADD KEY `idx_minishop_sale_payments_sale_id` (`sale_id`),
  ADD KEY `idx_minishop_sale_payments_created_by` (`created_by`),
  ADD KEY `idx_minishop_sale_payments_paid_at` (`paid_at`);

--
-- Indexes for table `notes`
--
ALTER TABLE `notes`
  ADD PRIMARY KEY (`id`),
  ADD KEY `idx_notes_book_id` (`book_id`),
  ADD KEY `idx_notes_book_position` (`book_id`,`position`),
  ADD KEY `idx_notes_book_pinned` (`book_id`,`is_pinned`),
  ADD KEY `idx_notes_created_by` (`created_by`),
  ADD KEY `idx_notes_book_archived` (`book_id`,`is_archived`);

--
-- Indexes for table `password_reset_tokens`
--
ALTER TABLE `password_reset_tokens`
  ADD PRIMARY KEY (`id`),
  ADD KEY `idx_password_reset_tokens_user_id` (`user_id`),
  ADD KEY `idx_password_reset_tokens_expires_at` (`expires_at`);

--
-- Indexes for table `todos`
--
ALTER TABLE `todos`
  ADD PRIMARY KEY (`id`),
  ADD KEY `idx_todos_book_id` (`book_id`),
  ADD KEY `idx_todos_parent_id` (`parent_id`),
  ADD KEY `idx_todos_book_completed` (`book_id`,`is_completed`),
  ADD KEY `idx_todos_book_due_at` (`book_id`,`due_at`),
  ADD KEY `idx_todos_created_by` (`created_by`);

--
-- Indexes for table `users`
--
ALTER TABLE `users`
  ADD PRIMARY KEY (`id`),
  ADD UNIQUE KEY `uq_users_email` (`email`),
  ADD KEY `idx_users_default_book_id` (`default_book_id`),
  ADD KEY `idx_users_google_id` (`google_id`),
  ADD KEY `idx_users_plan` (`plan`);

--
-- Indexes for table `user_email_verifications`
--
ALTER TABLE `user_email_verifications`
  ADD PRIMARY KEY (`id`),
  ADD KEY `idx_user_email_verifications_user_id` (`user_id`),
  ADD KEY `idx_user_email_verifications_expires_at` (`expires_at`);

--
-- Constraints for dumped tables
--

--
-- Constraints for table `books`
--
ALTER TABLE `books`
  ADD CONSTRAINT `fk_books_type` FOREIGN KEY (`type_key`) REFERENCES `book_types` (`type_key`) ON DELETE RESTRICT,
  ADD CONSTRAINT `fk_books_user` FOREIGN KEY (`user_id`) REFERENCES `users` (`id`) ON DELETE CASCADE;

--
-- Constraints for table `finance_categories`
--
ALTER TABLE `finance_categories`
  ADD CONSTRAINT `fk_finance_categories_book` FOREIGN KEY (`book_id`) REFERENCES `books` (`id`) ON DELETE CASCADE,
  ADD CONSTRAINT `fk_finance_categories_created_by` FOREIGN KEY (`created_by`) REFERENCES `users` (`id`) ON DELETE SET NULL;

--
-- Constraints for table `finance_transactions`
--
ALTER TABLE `finance_transactions`
  ADD CONSTRAINT `fk_finance_transactions_book` FOREIGN KEY (`book_id`) REFERENCES `books` (`id`) ON DELETE CASCADE,
  ADD CONSTRAINT `fk_finance_transactions_category` FOREIGN KEY (`category_id`) REFERENCES `finance_categories` (`id`) ON DELETE SET NULL,
  ADD CONSTRAINT `fk_finance_transactions_created_by` FOREIGN KEY (`created_by`) REFERENCES `users` (`id`) ON DELETE SET NULL;

--
-- Constraints for table `minishop_categories`
--
ALTER TABLE `minishop_categories`
  ADD CONSTRAINT `fk_minishop_categories_book` FOREIGN KEY (`book_id`) REFERENCES `books` (`id`) ON DELETE CASCADE,
  ADD CONSTRAINT `fk_minishop_categories_created_by` FOREIGN KEY (`created_by`) REFERENCES `users` (`id`) ON DELETE SET NULL;

--
-- Constraints for table `minishop_customers`
--
ALTER TABLE `minishop_customers`
  ADD CONSTRAINT `fk_minishop_customers_book` FOREIGN KEY (`book_id`) REFERENCES `books` (`id`) ON DELETE CASCADE,
  ADD CONSTRAINT `fk_minishop_customers_created_by` FOREIGN KEY (`created_by`) REFERENCES `users` (`id`) ON DELETE SET NULL;

--
-- Constraints for table `minishop_products`
--
ALTER TABLE `minishop_products`
  ADD CONSTRAINT `fk_minishop_products_book` FOREIGN KEY (`book_id`) REFERENCES `books` (`id`) ON DELETE CASCADE,
  ADD CONSTRAINT `fk_minishop_products_category` FOREIGN KEY (`category_id`) REFERENCES `minishop_categories` (`id`) ON DELETE SET NULL,
  ADD CONSTRAINT `fk_minishop_products_created_by` FOREIGN KEY (`created_by`) REFERENCES `users` (`id`) ON DELETE SET NULL;

--
-- Constraints for table `minishop_sales`
--
ALTER TABLE `minishop_sales`
  ADD CONSTRAINT `fk_minishop_sales_book` FOREIGN KEY (`book_id`) REFERENCES `books` (`id`) ON DELETE CASCADE,
  ADD CONSTRAINT `fk_minishop_sales_created_by` FOREIGN KEY (`created_by`) REFERENCES `users` (`id`) ON DELETE SET NULL,
  ADD CONSTRAINT `fk_minishop_sales_customer` FOREIGN KEY (`customer_id`) REFERENCES `minishop_customers` (`id`) ON DELETE SET NULL;

--
-- Constraints for table `minishop_sale_items`
--
ALTER TABLE `minishop_sale_items`
  ADD CONSTRAINT `fk_minishop_sale_items_product` FOREIGN KEY (`product_id`) REFERENCES `minishop_products` (`id`) ON DELETE SET NULL,
  ADD CONSTRAINT `fk_minishop_sale_items_sale` FOREIGN KEY (`sale_id`) REFERENCES `minishop_sales` (`id`) ON DELETE CASCADE;

--
-- Constraints for table `minishop_sale_payments`
--
ALTER TABLE `minishop_sale_payments`
  ADD CONSTRAINT `fk_minishop_sale_payments_created_by` FOREIGN KEY (`created_by`) REFERENCES `users` (`id`) ON DELETE SET NULL,
  ADD CONSTRAINT `fk_minishop_sale_payments_sale` FOREIGN KEY (`sale_id`) REFERENCES `minishop_sales` (`id`) ON DELETE CASCADE;

--
-- Constraints for table `notes`
--
ALTER TABLE `notes`
  ADD CONSTRAINT `fk_notes_book` FOREIGN KEY (`book_id`) REFERENCES `books` (`id`) ON DELETE CASCADE,
  ADD CONSTRAINT `fk_notes_created_by` FOREIGN KEY (`created_by`) REFERENCES `users` (`id`) ON DELETE SET NULL;

--
-- Constraints for table `password_reset_tokens`
--
ALTER TABLE `password_reset_tokens`
  ADD CONSTRAINT `fk_password_reset_tokens_user` FOREIGN KEY (`user_id`) REFERENCES `users` (`id`) ON DELETE CASCADE;

--
-- Constraints for table `todos`
--
ALTER TABLE `todos`
  ADD CONSTRAINT `fk_todos_book` FOREIGN KEY (`book_id`) REFERENCES `books` (`id`) ON DELETE CASCADE,
  ADD CONSTRAINT `fk_todos_created_by` FOREIGN KEY (`created_by`) REFERENCES `users` (`id`) ON DELETE SET NULL,
  ADD CONSTRAINT `fk_todos_parent` FOREIGN KEY (`parent_id`) REFERENCES `todos` (`id`) ON DELETE SET NULL;

--
-- Constraints for table `users`
--
ALTER TABLE `users`
  ADD CONSTRAINT `fk_users_default_book` FOREIGN KEY (`default_book_id`) REFERENCES `books` (`id`) ON DELETE SET NULL;

--
-- Constraints for table `user_email_verifications`
--
ALTER TABLE `user_email_verifications`
  ADD CONSTRAINT `fk_user_email_verifications_user` FOREIGN KEY (`user_id`) REFERENCES `users` (`id`) ON DELETE CASCADE;
COMMIT;

/*!40101 SET CHARACTER_SET_CLIENT=@OLD_CHARACTER_SET_CLIENT */;
/*!40101 SET CHARACTER_SET_RESULTS=@OLD_CHARACTER_SET_RESULTS */;
/*!40101 SET COLLATION_CONNECTION=@OLD_COLLATION_CONNECTION */;
